image_name,people_num,vehicle_num
000000000139,2,0
000000000285,0,0
000000000632,0,0
000000000724,0,1
000000000776,0,0
000000000785,1,0
000000000802,0,0
000000000872,1,0
000000000885,10,0
000000001000,14,0
000000001268,4,0
000000001296,5,0
000000001353,8,0
000000001425,0,0
000000001490,1,0
000000001503,0,0
000000001532,0,9
000000001584,5,3
000000001675,0,0
000000001761,0,0
000000001818,0,0
000000001993,0,0
000000002006,3,1
000000002149,0,0
000000002153,5,0
000000002157,0,0
000000002261,1,0
000000002299,9,0
000000002431,2,0
000000002473,4,0
000000002532,1,0
000000002587,0,0
000000002592,0,0
000000002685,7,0
000000002923,0,0
000000003156,1,0
000000003255,6,0
000000003501,0,0
000000003553,1,0
000000003661,0,0
000000003845,0,0
000000003934,7,0
000000004134,13,0
000000004395,2,0
000000004495,0,0
000000004765,1,0
000000004795,0,0
000000005001,15,1
000000005037,9,2
000000005060,1,0
000000005193,7,0
000000005477,0,0
000000005503,1,0
000000005529,1,0
000000005586,4,0
000000005600,0,0
000000005992,0,0
000000006012,0,0
000000006040,4,3
000000006213,0,0
000000006460,1,0
000000006471,10,0
000000006614,0,0
000000006723,0,6
000000006763,3,0
000000006771,9,0
000000006818,0,0
000000006894,1,0
000000006954,5,0
000000007088,1,1
000000007108,0,0
000000007278,1,0
000000007281,11,0
000000007386,0,4
000000007511,5,0
000000007574,0,0
000000007784,0,0
000000007795,0,0
000000007816,11,1
000000007818,0,0
000000007888,0,0
000000007977,5,0
000000007991,0,0
000000008021,3,0
000000008211,2,2
000000008277,0,0
000000008532,1,0
000000008629,0,0
000000008690,4,0
000000008762,0,1
000000008844,2,0
000000008899,0,1
000000009378,9,0
000000009400,11,0
000000009448,1,0
000000009483,2,0
000000009590,6,0
000000009769,1,2
000000009772,1,0
000000009891,2,3
000000009914,0,0
000000010092,0,0
000000010363,0,1
000000010583,0,0
000000010707,3,0
000000010764,1,0
000000010977,0,0
000000010995,0,0
000000011051,2,0
000000011122,0,1
000000011149,3,3
000000011197,4,5
000000011511,4,1
000000011615,0,0
000000011699,3,0
000000011760,0,0
000000011813,0,0
000000012062,0,0
000000012120,16,0
000000012280,2,0
000000012576,1,0
000000012639,13,0
000000012667,0,0
000000012670,9,0
000000012748,1,0
000000013004,0,0
000000013177,1,4
000000013201,1,0
000000013291,5,0
000000013348,4,2
000000013546,2,1
000000013597,0,0
000000013659,5,0
000000013729,4,0
000000013774,1,0
000000013923,0,0
000000014007,0,0
000000014038,0,0
000000014226,1,0
000000014380,0,0
000000014439,13,0
000000014473,7,0
000000014831,0,0
000000014888,0,0
000000015079,0,0
000000015254,0,0
000000015272,1,0
000000015278,0,0
000000015335,9,0
000000015338,0,5
000000015440,0,2
000000015497,0,0
000000015517,0,14
000000015597,1,0
000000015660,1,0
000000015746,0,0
000000015751,0,0
000000015956,1,0
000000016010,0,0
000000016228,16,0
000000016249,5,0
000000016439,0,0
000000016451,1,0
000000016502,0,0
000000016598,1,0
000000016958,0,0
000000017029,0,3
000000017031,0,0
000000017115,0,0
000000017178,0,1
000000017182,0,0
000000017207,1,6
000000017379,2,0
000000017436,1,0
000000017627,4,13
000000017714,0,0
000000017899,1,0
000000017905,1,0
000000017959,2,0
000000018150,2,0
000000018193,1,0
000000018380,17,0
000000018491,9,0
000000018519,1,0
000000018575,0,0
000000018737,0,1
000000018770,1,0
000000018833,0,0
000000018837,5,2
000000019042,0,0
000000019109,10,17
000000019221,1,0
000000019402,2,0
000000019432,1,0
000000019742,0,0
000000019786,2,0
000000019924,1,0
000000020059,0,0
000000020107,0,0
000000020247,0,0
000000020333,1,0
000000020553,0,0
000000020571,4,0
000000020992,1,0
000000021167,2,0
000000021465,1,0
000000021503,0,0
000000021604,1,0
000000021839,7,1
000000021879,4,0
000000021903,2,0
000000022192,0,0
000000022371,1,0
000000022396,0,0
000000022479,1,0
000000022589,0,0
000000022623,0,0
000000022705,1,0
000000022755,1,5
000000022892,0,0
000000022935,2,0
000000022969,0,0
000000023023,0,0
000000023034,2,0
000000023126,1,0
000000023230,0,0
000000023272,0,1
000000023359,1,0
000000023666,0,0
000000023751,0,0
000000023781,0,0
000000023899,4,0
000000023937,0,0
000000024021,3,0
000000024027,2,2
000000024144,0,0
000000024243,6,0
000000024567,2,0
000000024610,0,0
000000024919,0,0
000000025057,2,0
000000025096,2,0
000000025139,0,0
000000025181,2,0
000000025228,1,0
000000025386,3,0
000000025393,2,1
000000025394,3,0
000000025424,1,0
000000025560,1,0
000000025593,0,0
000000025603,4,0
000000025986,0,0
000000026204,2,9
000000026465,1,0
000000026564,0,0
000000026690,13,0
000000026926,0,2
000000026941,2,0
000000027186,1,0
000000027620,0,0
000000027696,2,0
000000027768,4,2
000000027932,0,0
000000027972,1,0
000000027982,0,0
000000028285,0,0
000000028449,0,0
000000028452,0,0
000000028809,0,0
000000028993,5,0
000000029187,2,0
000000029393,0,0
000000029397,1,0
000000029596,0,0
000000029640,0,0
000000029675,0,0
000000029984,4,0
000000030213,0,0
000000030494,0,0
000000030504,1,0
000000030675,0,0
000000030785,0,0
000000030828,1,1
000000031050,0,0
000000031093,3,0
000000031118,15,2
000000031217,1,0
000000031248,0,0
000000031269,0,0
000000031296,19,0
000000031322,0,0
000000031620,6,0
000000031735,0,0
000000031749,0,0
000000031817,5,2
000000032038,1,0
000000032081,1,0
000000032285,0,0
000000032334,5,0
000000032570,1,0
000000032610,0,0
000000032735,2,0
000000032811,0,1
000000032817,3,0
000000032861,1,0
000000032887,2,0
000000032901,5,0
000000032941,3,7
000000033005,1,0
000000033104,7,0
000000033109,1,9
000000033114,0,0
000000033221,11,3
000000033368,1,0
000000033638,1,0
000000033707,0,0
000000033759,1,0
000000033854,11,9
000000034071,0,1
000000034139,2,0
000000034205,0,0
000000034257,0,0
000000034417,9,0
000000034452,1,0
000000034760,0,0
000000034873,0,0
000000035062,0,0
000000035197,2,0
000000035279,1,0
000000035326,0,0
000000035682,6,0
000000035770,0,0
000000035963,0,0
000000036494,16,0
000000036539,2,0
000000036660,1,0
000000036678,0,0
000000036844,0,1
000000036861,0,0
000000036936,2,0
000000037670,2,0
000000037689,17,0
000000037740,0,0
000000037751,1,2
000000037777,0,0
000000037988,3,0
000000038048,1,1
000000038070,0,0
000000038118,1,0
000000038210,2,0
000000038576,0,0
000000038678,4,0
000000038825,0,0
000000038829,5,5
000000039405,4,0
000000039477,0,0
000000039480,3,0
000000039484,10,12
000000039551,1,0
000000039670,1,0
000000039769,0,0
000000039785,1,0
000000039914,10,0
000000039951,1,0
000000039956,0,0
000000040036,1,0
000000040083,3,3
000000040471,0,0
000000040757,1,0
000000041488,0,0
000000041633,0,3
000000041635,0,0
000000041872,0,0
000000041888,0,0
000000041990,3,0
000000042070,0,3
000000042102,1,0
000000042178,0,0
000000042276,0,0
000000042296,0,0
000000042528,1,0
000000042563,0,0
000000042628,5,1
000000042888,0,0
000000042889,0,0
000000043314,2,0
000000043435,2,0
000000043581,0,0
000000043737,0,7
000000043816,3,0
000000044068,0,0
000000044195,2,0
000000044260,0,0
000000044279,2,0
000000044590,12,15
000000044652,0,0
000000044699,0,0
000000044877,4,0
000000045070,1,0
000000045090,3,0
000000045229,0,0
000000045472,0,0
000000045550,8,0
000000045596,2,6
000000045728,0,0
000000046031,0,0
000000046048,1,0
000000046252,3,0
000000046378,0,0
000000046463,1,0
000000046497,4,0
000000046804,0,0
000000046872,3,3
000000047010,0,0
000000047112,2,0
000000047121,0,0
000000047571,2,0
000000047585,5,0
000000047740,2,0
000000047769,0,0
000000047801,1,0
000000047819,1,0
000000047828,8,1
000000048153,1,0
000000048396,2,0
000000048504,2,0
000000048555,2,0
000000048564,1,0
000000048924,0,1
000000049060,5,0
000000049091,0,0
000000049259,1,0
000000049269,0,0
000000049759,18,0
000000049761,0,0
000000049810,0,0
000000050006,0,0
000000050145,4,3
000000050149,0,0
000000050165,0,0
000000050326,1,0
000000050331,0,0
000000050380,4,0
000000050638,1,0
000000050679,0,11
000000050811,1,0
000000050828,0,0
000000050844,0,0
000000050896,0,0
000000050943,1,0
000000051008,0,0
000000051309,0,0
000000051314,1,0
000000051326,1,0
000000051598,0,0
000000051610,1,0
000000051712,1,0
000000051738,0,0
000000051938,11,0
000000051961,0,0
000000051976,1,0
000000052007,4,1
000000052017,0,0
000000052412,0,0
000000052413,4,0
000000052462,0,0
000000052507,1,0
000000052565,0,0
000000052591,1,0
000000052891,1,0
000000052996,7,0
000000053505,0,0
000000053529,1,2
000000053624,5,0
000000053626,4,0
000000053909,1,0
000000053994,0,3
000000054123,0,0
000000054164,1,0
000000054592,2,0
000000054593,5,2
000000054605,2,0
000000054628,1,0
000000054654,1,0
000000054931,1,0
000000054967,1,15
000000055002,1,0
000000055022,1,11
000000055072,0,0
000000055150,2,12
000000055167,6,4
000000055299,1,0
000000055528,1,0
000000055950,1,0
000000056127,0,0
000000056288,0,0
000000056344,0,0
000000056350,4,0
000000056545,0,0
000000057027,0,0
000000057149,0,2
000000057150,6,0
000000057232,0,0
000000057238,0,0
000000057244,0,0
000000057597,6,4
000000057672,23,2
000000057725,0,0
000000057760,14,0
000000058029,0,0
000000058111,0,0
000000058350,2,0
000000058384,0,0
000000058393,1,0
000000058539,6,6
000000058636,0,0
000000058655,0,0
000000058705,2,0
000000059044,11,0
000000059386,0,0
000000059598,3,0
000000059635,16,2
000000059920,0,0
000000060052,1,0
000000060090,3,0
000000060102,2,0
000000060347,1,0
000000060363,0,0
000000060449,0,0
000000060507,10,0
000000060770,0,0
000000060823,1,0
000000060835,0,0
000000060855,0,0
000000060886,13,0
000000060899,1,0
000000060932,11,0
000000061108,0,5
000000061171,0,0
000000061268,2,0
000000061333,0,0
000000061418,10,0
000000061471,0,0
000000061584,3,0
000000061658,0,0
000000061747,1,0
000000061960,1,0
000000062025,0,0
000000062353,5,0
000000062355,5,0
000000062554,0,0
000000062692,1,0
000000062808,2,0
000000063047,4,0
000000063154,1,0
000000063552,0,0
000000063602,0,0
000000063740,4,0
000000063965,2,0
000000064084,1,0
000000064359,0,0
000000064462,1,0
000000064495,0,0
000000064499,0,0
000000064523,11,0
000000064574,0,0
000000064718,1,0
000000064868,1,0
000000064898,2,0
000000065074,0,0
000000065288,7,2
000000065350,4,5
000000065455,7,0
000000065485,0,1
000000065736,1,0
000000065798,7,0
000000066038,4,0
000000066135,0,0
000000066231,6,0
000000066523,0,0
000000066561,0,0
000000066635,0,0
000000066706,0,0
000000066771,2,0
000000066817,0,0
000000066841,0,0
000000066886,1,0
000000066926,0,0
000000067180,1,0
000000067213,7,7
000000067310,6,0
000000067315,1,0
000000067406,3,0
000000067534,1,0
000000067616,6,6
000000067896,0,0
000000068078,0,0
000000068093,2,7
000000068286,0,0
000000068387,4,0
000000068409,10,0
000000068628,1,0
000000068765,0,0
000000068833,0,0
000000068933,0,0
000000069106,0,0
000000069138,0,1
000000069213,5,1
000000069224,3,0
000000069356,5,0
000000069795,0,0
000000070048,0,0
000000070158,0,0
000000070229,1,1
000000070254,9,0
000000070739,4,0
000000070774,0,5
000000071226,0,0
000000071451,0,0
000000071711,9,0
000000071756,0,0
000000071877,1,0
000000071938,1,0
000000072281,1,0
000000072795,11,0
000000072813,0,0
000000072852,2,1
000000073118,0,0
000000073153,1,0
000000073326,0,0
000000073533,3,0
000000073702,2,0
000000073946,3,0
000000074058,2,6
000000074092,6,0
000000074200,2,0
000000074209,0,0
000000074256,6,1
000000074457,1,0
000000074646,7,0
000000074733,1,0
000000074860,1,0
000000075393,0,0
000000075456,0,0
000000075612,14,0
000000076211,0,0
000000076261,0,0
000000076416,2,1
000000076417,0,1
000000076468,6,0
000000076547,1,1
000000076625,7,0
000000076731,0,0
000000077396,0,0
000000077460,14,1
000000077595,0,0
000000078032,0,0
000000078170,2,0
000000078266,0,0
000000078404,3,0
000000078420,0,0
000000078426,0,0
000000078565,12,0
000000078748,12,6
000000078823,0,3
000000078843,2,0
000000078915,11,0
000000078959,0,0
000000079014,1,0
000000079031,1,0
000000079034,0,5
000000079144,0,0
000000079188,0,0
000000079229,1,0
000000079408,0,0
000000079565,0,0
000000079588,4,0
000000079651,0,0
000000079837,0,0
000000079969,4,0
000000080022,1,0
000000080057,0,0
000000080153,1,0
000000080273,1,0
000000080274,0,0
000000080340,8,0
000000080413,0,0
000000080659,3,0
000000080666,0,0
000000080671,1,0
000000080932,2,0
000000080949,0,0
000000081061,0,0
000000081394,1,4
000000081594,1,0
000000081738,1,0
000000081766,0,0
000000081988,5,0
000000082085,4,0
000000082180,0,0
000000082688,3,0
000000082696,1,0
000000082715,1,0
000000082765,0,0
000000082807,0,0
000000082812,11,0
000000082821,4,6
000000082846,0,1
000000082986,3,0
000000083113,0,0
000000083172,3,0
000000083531,2,0
000000083540,1,0
000000084031,6,0
000000084170,1,5
000000084241,4,0
000000084270,15,0
000000084362,1,1
000000084431,1,0
000000084477,1,0
000000084492,2,5
000000084650,0,0
000000084664,0,0
000000084674,3,0
000000084752,0,11
000000085089,3,0
000000085157,6,0
000000085195,0,0
000000085329,1,0
000000085376,2,9
000000085478,0,0
000000085576,0,0
000000085665,0,0
000000085682,11,0
000000085772,1,0
000000085823,0,0
000000085911,0,0
000000086220,0,3
000000086483,1,2
000000086582,0,0
000000086755,1,0
000000086956,3,0
000000087038,13,1
000000087144,3,2
000000087244,0,0
000000087470,3,0
000000087476,14,0
000000087742,0,0
000000087875,0,0
000000088040,0,0
000000088218,0,0
000000088250,0,0
000000088265,0,0
000000088269,0,0
000000088345,2,0
000000088432,0,1
000000088462,0,10
000000088485,1,0
000000088848,5,0
000000088951,1,0
000000088970,1,0
000000089045,0,0
000000089078,1,0
000000089271,0,0
000000089296,2,0
000000089556,2,12
000000089648,11,0
000000089670,0,0
000000089697,2,0
000000089761,0,0
000000089880,0,0
000000090003,0,0
000000090062,0,0
000000090108,0,0
000000090155,0,0
000000090208,0,3
000000090284,1,0
000000090631,0,0
000000090891,5,1
000000090956,1,0
000000091406,4,0
000000091495,4,0
000000091500,2,0
000000091615,0,0
000000091619,0,0
000000091654,0,0
000000091779,0,0
000000091921,0,0
000000092053,0,0
000000092091,1,0
000000092124,0,0
000000092177,0,0
000000092416,5,0
000000092660,0,0
000000092839,0,0
000000092939,2,0
000000093154,1,13
000000093261,2,0
000000093353,2,0
000000093437,1,0
000000093717,18,1
000000093965,0,0
000000094157,8,0
000000094185,1,0
000000094326,1,0
000000094336,0,0
000000094614,1,0
000000094751,5,1
000000094852,0,0
000000094871,5,0
000000094944,3,0
000000095069,0,0
000000095155,4,0
000000095707,1,0
000000095786,0,0
000000095843,0,1
000000095862,12,0
000000095899,0,0
000000096001,0,0
000000096427,3,0
000000096493,2,0
000000096549,0,0
000000096825,1,0
000000096960,0,0
000000097022,0,0
000000097230,0,0
000000097278,1,0
000000097337,1,0
000000097585,0,0
000000097679,1,2
000000097924,2,3
000000097988,14,1
000000097994,0,0
000000098018,0,0
000000098261,0,0
000000098287,8,0
000000098392,3,6
000000098497,0,0
000000098520,1,2
000000098633,0,0
000000098716,4,0
000000098839,0,0
000000098853,11,0
000000099024,1,0
000000099039,1,0
000000099053,0,0
000000099054,3,0
000000099114,18,2
000000099182,1,0
000000099242,1,0
000000099428,0,0
000000099810,1,0
000000100238,4,1
000000100274,0,5
000000100283,0,3
000000100428,2,0
000000100489,0,0
000000100510,3,0
000000100582,0,0
000000100624,4,0
000000100723,10,0
000000101022,0,0
000000101068,1,0
000000101420,0,0
000000101762,0,1
000000101780,0,0
000000101787,0,0
000000101884,0,2
000000102331,2,1
000000102356,1,2
000000102411,14,2
000000102644,0,0
000000102707,0,0
000000102805,2,4
000000102820,1,0
000000103548,1,0
000000103585,0,0
000000103723,8,0
000000104119,0,0
000000104198,0,0
000000104424,1,0
000000104455,0,0
000000104572,0,0
000000104603,0,0
000000104612,0,0
000000104619,0,0
000000104666,0,0
000000104669,1,0
000000104782,0,0
000000104803,0,0
000000105014,0,0
000000105249,0,0
000000105264,9,0
000000105335,3,0
000000105455,0,1
000000105912,12,4
000000105923,3,2
000000106048,0,1
000000106235,0,0
000000106266,0,0
000000106281,0,0
000000106330,0,0
000000106389,0,0
000000106563,0,0
000000106757,1,0
000000106881,0,0
000000106912,1,0
000000107087,0,1
000000107094,1,0
000000107226,6,3
000000107339,2,0
000000107554,0,0
000000107851,7,0
000000108026,2,0
000000108244,0,0
000000108253,1,0
000000108440,0,0
000000108495,1,0
000000108503,3,0
000000108864,0,0
000000109055,0,1
000000109118,3,0
000000109313,1,0
000000109441,0,1
000000109798,0,0
000000109827,0,0
000000109900,9,1
000000109916,0,0
000000109976,0,0
000000109992,2,0
000000110042,7,0
000000110211,0,0
000000110282,0,0
000000110359,0,0
000000110449,2,0
000000110638,0,0
000000110721,1,1
000000110784,1,1
000000110884,0,0
000000110972,0,0
000000110999,1,0
000000111036,0,2
000000111086,0,18
000000111179,0,0
000000111207,2,0
000000111609,1,0
000000111951,0,0
000000112110,1,0
000000112298,1,0
000000112378,0,0
000000112626,0,0
000000112634,0,0
000000112798,0,0
000000112997,2,0
000000113051,0,0
000000113235,1,0
000000113354,0,0
000000113403,0,0
000000113589,0,0
000000113720,5,0
000000113867,0,0
000000114049,5,0
000000114770,0,4
000000114871,0,0
000000114884,14,6
000000114907,5,0
000000115118,0,0
000000115245,2,0
000000115870,5,0
000000115885,0,0
000000115898,1,0
000000115946,0,11
000000116068,4,0
000000116206,0,0
000000116208,1,0
000000116362,0,0
000000116439,1,0
000000116479,0,0
000000116589,0,0
000000116825,0,0
000000117197,1,0
000000117374,0,0
000000117425,2,0
000000117492,13,0
000000117525,1,0
000000117645,1,0
000000117719,1,0
000000117744,1,0
000000117908,1,0
000000117914,0,0
000000118209,0,0
000000118367,1,0
000000118405,1,0
000000118515,0,0
000000118594,0,0
000000118921,1,0
000000119038,0,0
000000119088,3,0
000000119233,0,0
000000119365,4,0
000000119445,3,0
000000119452,0,0
000000119516,2,2
000000119641,17,0
000000119677,0,0
000000119828,0,0
000000119911,1,4
000000119995,8,0
000000120420,11,0
000000120572,0,0
000000120584,0,0
000000120777,0,0
000000120853,0,0
000000121031,5,0
000000121153,0,0
000000121242,3,10
000000121417,12,0
000000121497,5,0
000000121506,0,1
000000121586,0,0
000000121591,1,0
000000121673,1,0
000000121744,10,0
000000122046,1,0
000000122166,7,12
000000122217,2,1
000000122606,1,1
000000122672,1,0
000000122745,0,0
000000122927,0,0
000000122962,16,0
000000122969,0,0
000000123131,0,4
000000123213,12,0
000000123321,0,0
000000123480,1,0
000000123585,0,0
000000123633,5,0
000000124277,0,0
000000124442,1,0
000000124636,0,0
000000124659,1,0
000000124798,1,10
000000124975,0,0
000000125062,0,0
000000125072,0,0
000000125129,3,0
000000125211,0,1
000000125245,0,0
000000125257,3,0
000000125405,0,0
000000125472,1,0
000000125572,19,8
000000125778,0,2
000000125806,0,0
000000125850,0,0
000000125936,6,0
000000125952,0,0
000000126107,4,0
000000126110,1,2
000000126137,10,0
000000126216,0,0
000000126226,5,0
000000126592,0,14
000000127092,2,4
000000127135,0,0
000000127182,0,0
000000127263,2,1
000000127270,5,0
000000127394,6,0
000000127476,0,0
000000127494,0,0
000000127517,0,0
000000127530,1,0
000000127624,0,0
000000127660,1,0
000000127955,0,0
000000127987,1,0
000000128051,0,3
000000128112,1,0
000000128148,0,0
000000128372,11,1
000000128476,3,0
000000128598,0,0
000000128654,1,0
000000128658,0,0
000000128675,3,0
000000128699,13,0
000000128748,3,0
000000129054,0,0
000000129062,0,0
000000129113,0,0
000000129135,0,0
000000129322,0,0
000000129416,0,0
000000129492,3,0
000000129756,3,0
000000129812,1,0
000000129945,6,0
000000130386,3,3
000000130465,0,0
000000130566,0,0
000000130579,1,0
000000130586,1,0
000000130599,1,0
000000130613,0,0
000000130699,11,6
000000130826,6,0
000000131131,0,0
000000131138,0,0
000000131273,0,0
000000131379,0,0
000000131386,0,0
000000131431,0,0
000000131444,1,0
000000131556,2,0
000000131938,0,0
000000132116,0,0
000000132329,0,0
000000132375,1,2
000000132408,3,0
000000132544,10,0
000000132587,8,0
000000132622,0,0
000000132703,1,0
000000132796,3,0
000000132931,2,0
000000133000,1,0
000000133087,0,0
000000133233,0,0
000000133244,13,0
000000133343,2,0
000000133418,1,0
000000133567,1,0
000000133631,0,0
000000133645,0,0
000000133778,0,0
000000133819,10,5
000000133969,15,0
000000134034,0,0
000000134096,0,0
000000134112,0,0
000000134322,6,0
000000134689,0,0
000000134722,0,0
000000134856,4,0
000000134882,0,0
000000134886,5,1
000000135410,1,7
000000135561,0,0
000000135604,1,0
000000135670,0,1
000000135673,0,0
000000135872,0,0
000000135890,13,0
000000135902,1,0
000000136033,0,0
000000136334,5,0
000000136355,0,0
000000136466,0,0
000000136600,1,0
000000136633,7,0
000000136715,10,7
000000136772,0,0
000000136915,3,0
000000137106,1,0
000000137246,2,0
000000137294,3,0
000000137576,0,0
000000137727,1,1
000000137950,0,0
000000138115,1,0
000000138241,0,0
000000138492,0,0
000000138550,0,0
000000138639,10,4
000000138819,0,0
000000138856,0,0
000000138954,0,0
000000138979,5,2
000000139077,1,0
000000139099,11,5
000000139260,0,0
000000139684,0,0
000000139871,0,0
000000139872,1,0
000000139883,0,0
000000140076,0,0
000000140203,5,1
000000140270,1,0
000000140286,4,0
000000140420,0,1
000000140439,0,0
000000140556,5,1
000000140583,3,1
000000140640,3,0
000000140658,0,0
000000140840,2,0
000000140929,0,0
000000140987,6,0
000000141328,0,0
000000141597,0,3
000000141671,10,5
000000141821,1,0
000000142092,0,0
000000142238,19,0
000000142324,12,5
000000142472,5,6
000000142585,2,9
000000142620,1,0
000000142790,2,0
000000142971,4,0
000000143068,6,0
000000143556,6,2
000000143572,10,0
000000143931,1,1
000000143961,11,0
000000143998,0,0
000000144003,9,0
000000144114,2,0
000000144300,3,5
000000144333,1,4
000000144706,0,1
000000144784,1,0
000000144798,0,0
000000144932,0,0
000000144984,1,0
000000145020,8,0
000000145591,0,0
000000145597,7,0
000000145620,4,2
000000145665,1,0
000000145781,0,0
000000146155,4,0
000000146358,4,0
000000146363,0,0
000000146457,2,0
000000146489,0,0
000000146498,0,1
000000146667,17,3
000000146825,4,0
000000146831,2,4
000000147205,0,0
000000147223,1,5
000000147338,0,3
000000147415,1,0
000000147498,0,0
000000147518,0,0
000000147725,2,7
000000147729,5,0
000000147740,6,3
000000147745,0,2
000000148508,14,2
000000148620,0,0
000000148662,3,0
000000148707,0,0
000000148719,2,5
000000148730,0,0
000000148739,1,0
000000148783,0,0
000000148957,0,0
000000148999,9,0
000000149222,2,0
000000149375,4,0
000000149406,0,1
000000149568,1,0
000000149622,0,0
000000149770,1,0
000000150224,7,0
000000150265,5,0
000000150417,2,0
000000150638,4,0
000000150649,5,1
000000150726,0,0
000000150930,0,0
000000151000,7,0
000000151051,1,0
000000151480,11,0
000000151516,0,0
000000151629,3,0
000000151657,2,0
000000151662,0,0
000000151820,7,0
000000151857,0,0
000000151938,4,0
000000151962,0,1
000000152120,1,1
000000152214,1,0
000000152465,0,0
000000152686,2,0
000000152740,0,0
000000152771,0,3
000000152870,0,0
000000153011,9,5
000000153217,0,1
000000153229,7,0
000000153299,0,0
000000153343,0,0
000000153510,0,0
000000153527,3,0
000000153529,5,0
000000153568,0,0
000000153632,0,0
000000153669,13,0
000000153782,0,0
000000153797,1,0
000000154000,0,2
000000154004,13,0
000000154087,4,0
000000154213,0,0
000000154339,0,0
000000154358,1,0
000000154425,1,0
000000154431,0,0
000000154644,3,0
000000154705,0,0
000000154718,1,0
000000154947,0,0
000000155051,0,0
000000155145,3,0
000000155154,0,0
000000155179,0,0
000000155291,0,0
000000155341,7,4
000000155443,0,0
000000155451,0,0
000000155571,0,0
000000156071,10,1
000000156076,3,0
000000156278,0,0
000000156292,1,0
000000156372,0,0
000000156643,9,0
000000156924,2,0
000000157046,1,0
000000157098,0,0
000000157124,0,0
000000157138,0,0
000000157213,0,0
000000157365,1,5
000000157390,0,0
000000157418,0,0
000000157601,1,0
000000157756,7,5
000000157767,11,0
000000157807,0,0
000000157847,0,0
000000157928,2,3
000000158227,1,0
000000158548,2,1
000000158660,2,0
000000158744,1,3
000000158945,2,0
000000158956,1,0
000000159112,0,0
000000159282,0,0
000000159311,0,0
000000159399,6,0
000000159458,1,0
000000159684,0,0
000000159791,1,0
000000159977,0,0
000000160012,1,2
000000160556,1,0
000000160666,0,0
000000160728,6,0
000000160772,0,0
000000160864,6,0
000000161008,0,0
000000161032,1,0
000000161044,0,0
000000161128,2,4
000000161397,0,0
000000161609,2,0
000000161642,0,0
000000161781,1,0
000000161799,3,0
000000161820,0,0
000000161861,1,0
000000161875,1,0
000000161879,1,0
000000161925,2,0
000000161978,16,0
000000162035,4,0
000000162092,15,0
000000162130,0,0
000000162366,0,0
000000162415,1,0
000000162543,0,0
000000162581,1,0
000000162732,5,0
000000162858,1,12
000000163057,8,0
000000163117,5,0
000000163118,2,0
000000163155,0,0
000000163257,3,0
000000163258,0,0
000000163290,0,0
000000163314,13,0
000000163562,1,0
000000163611,0,0
000000163640,3,0
000000163682,1,0
000000163746,9,0
000000163951,0,0
000000164115,0,0
000000164363,0,0
000000164602,2,0
000000164637,0,0
000000164883,1,0
000000164885,7,0
000000164969,0,0
000000165039,5,7
000000165257,0,0
000000165336,0,0
000000165351,0,0
000000165500,0,0
000000165518,1,1
000000165681,6,16
000000165713,0,0
000000165831,0,0
000000166165,2,0
000000166166,1,0
000000166259,0,0
000000166277,0,0
000000166287,0,0
000000166391,0,20
000000166426,0,0
000000166478,1,0
000000166509,0,1
000000166521,0,0
000000166563,0,0
000000166642,0,0
000000166664,0,1
000000166747,15,1
000000166768,2,0
000000166918,11,0
000000167067,1,0
000000167122,0,1
000000167128,0,0
000000167159,1,0
000000167240,0,0
000000167353,0,0
000000167486,8,1
000000167540,0,0
000000167572,1,0
000000167898,0,0
000000167902,0,0
000000168330,0,5
000000168337,2,0
000000168458,0,0
000000168593,0,0
000000168619,0,0
000000168883,4,0
000000168974,1,0
000000169076,2,0
000000169169,9,1
000000169356,1,0
000000169996,3,8
000000170099,1,0
000000170116,1,0
000000170191,1,0
000000170278,0,0
000000170474,1,0
000000170545,0,3
000000170595,0,0
000000170613,3,0
000000170670,0,0
000000170739,1,0
000000170893,0,0
000000170955,1,0
000000171050,0,0
000000171190,12,0
000000171298,0,3
000000171382,14,6
000000171611,1,0
000000171740,0,0
000000171757,2,0
000000171788,1,0
000000172083,0,0
000000172330,0,3
000000172396,0,0
000000172547,0,0
000000172571,3,0
000000172595,0,0
000000172617,1,0
000000172648,4,3
000000172649,1,0
000000172856,0,0
000000172877,1,0
000000172935,1,0
000000172946,8,0
000000172977,0,0
000000173004,0,0
000000173008,1,0
000000173033,0,0
000000173044,0,0
000000173057,13,0
000000173091,0,0
000000173183,0,0
000000173302,2,0
000000173371,0,0
000000173383,0,0
000000173799,2,0
000000173830,1,0
000000174004,0,1
000000174018,0,0
000000174123,4,0
000000174231,0,0
000000174371,7,0
000000174482,0,9
000000175251,1,0
000000175364,0,0
000000175387,0,0
000000175438,0,13
000000175443,0,0
000000175535,0,0
000000176037,5,4
000000176232,0,0
000000176446,0,0
000000176606,0,1
000000176634,0,0
000000176701,0,0
000000176778,0,0
000000176799,3,0
000000176847,0,0
000000176857,11,0
000000176901,3,0
000000177015,2,0
000000177065,3,0
000000177213,1,0
000000177357,1,0
000000177383,0,0
000000177489,2,0
000000177539,1,0
000000177714,0,0
000000177861,5,4
000000177893,0,4
000000177934,5,10
000000177935,0,0
000000178028,0,0
000000178469,0,0
000000178618,0,0
000000178744,6,0
000000178982,2,2
000000179112,1,0
000000179141,5,0
000000179174,8,0
000000179214,0,0
000000179265,1,3
000000179285,0,0
000000179392,0,0
000000179487,12,0
000000179642,8,0
000000179653,0,0
000000179765,0,1
000000179898,11,0
000000180011,1,0
000000180101,4,0
000000180135,1,0
000000180188,0,0
000000180296,0,0
000000180383,1,0
000000180487,2,0
000000180560,3,0
000000180751,2,0
000000180792,0,0
000000180798,0,0
000000180878,0,1
000000181303,1,0
000000181421,3,0
000000181499,1,0
000000181542,18,8
000000181666,3,0
000000181753,0,0
000000181796,0,0
000000181816,1,1
000000181859,0,0
000000181969,0,0
000000182021,2,0
000000182155,4,0
000000182162,0,0
000000182202,0,0
000000182417,0,0
000000182441,1,0
000000182611,2,0
000000182805,1,0
000000182923,10,0
000000183049,0,0
000000183104,0,0
000000183127,1,0
000000183246,0,5
000000183391,9,0
000000183437,5,0
000000183500,1,0
000000183648,3,0
000000183675,1,0
000000183709,9,5
000000183716,2,0
000000183965,0,0
000000184321,0,0
000000184324,15,17
000000184338,0,1
000000184384,0,0
000000184400,0,0
000000184611,14,4
000000184762,0,0
000000184791,0,0
000000184978,1,0
000000185157,0,4
000000185250,2,0
000000185292,1,0
000000185409,0,0
000000185472,3,2
000000185473,5,0
000000185599,0,0
000000185802,0,0
000000185890,4,0
000000185950,5,0
000000186042,1,0
000000186282,0,0
000000186296,0,0
000000186345,0,0
000000186422,0,0
000000186449,9,0
000000186624,1,0
000000186632,0,0
000000186637,0,0
000000186873,7,0
000000186929,0,0
000000186938,0,0
000000186980,0,0
000000187055,3,0
000000187144,7,3
000000187236,0,0
000000187243,1,0
000000187249,3,0
000000187271,0,0
000000187362,1,0
000000187513,0,0
000000187585,1,0
000000187734,9,0
000000187745,0,0
000000187990,1,0
000000188296,9,3
000000188439,2,1
000000188465,5,0
000000188592,1,0
000000188689,0,0
000000188906,0,0
000000189078,0,0
000000189213,0,0
000000189226,0,0
000000189310,0,0
000000189436,0,0
000000189451,0,0
000000189475,10,0
000000189698,0,1
000000189752,4,0
000000189775,11,0
000000189806,0,0
000000189820,0,0
000000189828,0,0
000000190007,1,0
000000190140,1,0
000000190236,0,0
000000190307,1,0
000000190637,1,0
000000190648,0,0
000000190676,22,0
000000190753,7,0
000000190756,1,1
000000190841,1,0
000000190853,1,0
000000190923,9,2
000000191013,3,4
000000191288,1,0
000000191471,0,0
000000191580,0,0
000000191614,1,0
000000191672,1,0
000000191761,0,0
000000191845,12,0
000000192047,0,0
000000192191,0,0
000000192607,1,1
000000192670,8,3
000000192699,2,2
000000192716,1,3
000000192871,0,0
000000192904,0,0
000000192964,1,0
000000193162,1,0
000000193181,11,0
000000193245,10,0
000000193348,1,0
000000193429,1,0
000000193494,0,0
000000193674,2,0
000000193717,2,7
000000193743,5,0
000000193884,0,0
000000193926,3,2
000000194216,0,0
000000194471,1,0
000000194506,0,0
000000194716,2,1
000000194724,0,0
000000194746,0,0
000000194832,0,1
000000194875,12,3
000000194940,0,0
000000195045,0,0
000000195165,0,0
000000195754,1,0
000000195842,1,0
000000195918,0,0
000000196009,0,0
000000196141,5,7
000000196185,5,0
000000196442,7,0
000000196754,0,0
000000196759,0,6
000000196843,2,3
000000197004,0,0
000000197022,0,0
000000197388,6,0
000000197528,0,0
000000197658,1,0
000000197796,0,0
000000197870,1,0
000000198489,1,1
000000198510,1,0
000000198641,0,0
000000198805,0,9
000000198915,0,0
000000198928,1,1
000000198960,0,0
000000199055,1,0
000000199236,14,0
000000199310,1,0
000000199395,11,0
000000199442,1,0
000000199551,1,0
000000199681,0,0
000000199771,11,0
000000199977,0,0
000000200152,0,0
000000200162,0,0
000000200252,0,0
000000200421,1,0
000000200667,0,0
000000200839,1,1
000000200961,2,7
000000201025,0,0
000000201072,8,0
000000201148,0,0
000000201418,19,0
000000201426,2,0
000000201646,1,0
000000201676,0,0
000000201775,0,0
000000201934,0,9
000000202001,1,0
000000202228,1,0
000000202339,2,4
000000202445,0,0
000000203095,0,0
000000203294,5,3
000000203317,0,1
000000203389,8,2
000000203488,0,1
000000203546,0,0
000000203580,0,0
000000203629,12,0
000000203639,1,0
000000203864,2,0
000000203931,5,0
000000204186,6,1
000000204329,8,0
000000204871,2,3
000000205105,1,0
000000205282,0,0
000000205289,1,1
000000205324,2,0
000000205333,2,0
000000205401,0,0
000000205514,0,0
000000205542,0,0
000000205647,0,1
000000205776,0,0
000000205834,0,0
000000206025,1,0
000000206027,0,0
000000206135,0,0
000000206218,0,0
000000206271,0,0
000000206411,2,0
000000206487,2,5
000000206579,2,0
000000206831,0,0
000000206838,2,0
000000206994,0,0
000000207306,2,1
000000207538,0,0
000000207585,0,0
000000207728,0,0
000000207844,12,0
000000208208,0,0
000000208363,14,0
000000208423,0,7
000000208901,0,0
000000209142,0,0
000000209222,11,1
000000209530,7,0
000000209613,0,0
000000209747,0,0
000000209753,1,0
000000209757,8,0
000000209829,3,0
000000209972,0,0
000000210030,0,0
000000210032,3,0
000000210099,0,0
000000210230,11,0
000000210273,8,28
000000210299,1,1
000000210388,3,0
000000210394,13,5
000000210502,0,0
000000210520,0,0
000000210708,0,0
000000210789,2,1
000000210855,0,0
000000210915,1,0
000000211042,0,0
000000211069,0,0
000000211120,0,1
000000211674,13,2
000000211825,2,0
000000212072,0,0
000000212166,1,0
000000212226,1,1
000000212453,0,0
000000212559,0,0
000000212573,2,5
000000212800,16,0
000000212895,0,0
000000213033,1,0
000000213035,4,0
000000213086,1,0
000000213171,1,2
000000213224,0,0
000000213255,1,5
000000213422,0,0
000000213445,0,0
000000213547,2,0
000000213593,2,9
000000213605,1,3
000000213816,0,0
000000213830,6,0
000000213935,0,0
000000214192,2,3
000000214200,0,3
000000214205,0,0
000000214224,0,0
000000214539,13,0
000000214703,2,0
000000214720,2,0
000000214753,2,0
000000214869,2,0
000000215072,3,0
000000215114,1,0
000000215245,0,0
000000215259,2,0
000000215644,0,0
000000215723,2,1
000000215778,0,0
000000216277,1,0
000000216296,3,0
000000216419,0,0
000000216497,0,0
000000216516,1,0
000000216636,0,0
000000216739,0,0
000000217060,0,0
000000217219,0,0
000000217285,10,0
000000217400,0,0
000000217425,0,0
000000217614,0,0
000000217753,1,0
000000217872,1,0
000000217948,0,0
000000217957,0,0
000000218091,0,0
000000218249,0,0
000000218362,0,0
000000218424,0,0
000000218439,1,0
000000218997,8,0
000000219271,7,5
000000219283,0,0
000000219440,0,0
000000219485,0,0
000000219578,0,0
000000220310,0,3
000000220584,1,0
000000220732,2,6
000000220764,1,0
000000220858,4,0
000000221017,0,0
000000221155,2,0
000000221213,0,0
000000221281,0,0
000000221291,1,0
000000221502,0,0
000000221693,0,0
000000221708,0,0
000000221754,5,5
000000221872,0,0
000000222094,1,10
000000222118,1,0
000000222235,0,0
000000222299,0,0
000000222317,0,0
000000222455,0,0
000000222458,6,0
000000222559,10,0
000000222735,1,0
000000222825,0,0
000000222863,0,0
000000222991,0,0
000000223090,0,0
000000223130,0,0
000000223182,6,0
000000223188,1,0
000000223738,6,0
000000223747,1,0
000000223789,0,0
000000223955,1,0
000000223959,2,0
000000224051,0,3
000000224093,0,0
000000224119,2,0
000000224200,0,0
000000224222,3,0
000000224337,4,0
000000224664,8,0
000000224675,2,0
000000224724,4,4
000000224807,10,0
000000225184,0,0
000000225405,3,0
000000225532,0,4
000000225670,0,0
000000225757,0,0
000000225946,0,0
000000226058,0,0
000000226111,0,0
000000226130,0,0
000000226147,2,0
000000226154,3,2
000000226171,0,0
000000226408,2,0
000000226417,9,7
000000226592,1,0
000000226662,2,4
000000226802,11,8
000000226883,0,0
000000226903,1,2
000000226984,0,0
000000227044,0,0
000000227187,0,0
000000227399,13,2
000000227478,2,0
000000227482,1,0
000000227491,1,0
000000227511,0,7
000000227686,0,0
000000227765,0,0
000000227898,5,1
000000227985,0,0
000000228144,0,0
000000228214,4,0
000000228436,0,7
000000228771,0,0
000000228942,6,3
000000228981,0,0
000000229111,1,0
000000229216,2,0
000000229221,0,0
000000229311,0,0
000000229358,2,0
000000229553,1,0
000000229601,9,0
000000229659,5,0
000000229747,0,0
000000229753,0,0
000000229849,7,0
000000229858,0,0
000000229948,9,2
000000229997,0,0
000000230008,1,2
000000230166,0,0
000000230362,0,0
000000230450,0,1
000000230819,1,0
000000230983,1,5
000000230993,2,0
000000231088,0,0
000000231097,0,0
000000231125,2,0
000000231169,0,0
000000231237,0,0
000000231339,1,0
000000231508,5,3
000000231527,0,0
000000231549,0,0
000000231580,7,0
000000231747,1,0
000000231822,0,0
000000231831,0,0
000000231879,5,0
000000232088,0,0
000000232244,0,0
000000232348,0,0
000000232489,0,0
000000232538,0,3
000000232563,3,0
000000232646,0,0
000000232649,1,0
000000232684,1,0
000000232692,6,0
000000233033,0,0
000000233139,0,0
000000233238,13,0
000000233370,1,0
000000233567,0,0
000000233727,9,2
000000233771,10,5
000000233825,0,0
000000234366,0,0
000000234413,0,0
000000234526,10,0
000000234607,2,0
000000234660,0,0
000000234757,0,0
000000234779,0,0
000000234807,0,0
000000235057,0,0
000000235064,0,0
000000235241,6,0
000000235252,0,0
000000235399,0,2
000000235778,1,0
000000235784,1,0
000000235836,1,0
000000235857,0,0
000000236166,1,0
000000236308,3,0
000000236412,0,0
000000236426,13,0
000000236592,0,0
000000236599,4,0
000000236690,0,0
000000236721,0,0
000000236730,0,0
000000236784,0,0
000000236845,0,2
000000236914,0,0
000000237071,1,0
000000237118,1,0
000000237316,0,0
000000237517,0,0
000000237864,0,0
000000237928,0,0
000000237984,0,0
000000238013,1,0
000000238039,1,0
000000238410,12,0
000000238866,0,0
000000239041,0,0
000000239274,7,0
000000239318,0,0
000000239347,1,0
000000239537,1,0
000000239627,0,0
000000239717,8,0
000000239773,2,0
000000239843,0,0
000000239857,4,0
000000240023,7,0
000000240049,3,0
000000240250,10,0
000000240754,0,0
000000240767,0,0
000000240940,0,0
000000241297,0,0
000000241319,0,0
000000241326,0,0
000000241602,0,0
000000241668,3,0
000000241677,6,0
000000242060,0,0
000000242287,0,1
000000242411,3,6
000000242678,1,0
000000242724,2,0
000000242934,0,0
000000242946,5,0
000000243034,6,0
000000243075,0,0
000000243148,2,0
000000243199,0,0
000000243204,1,0
000000243344,0,0
000000243495,0,0
000000243626,0,0
000000243867,1,3
000000243989,8,0
000000244019,0,0
000000244099,1,0
000000244181,0,0
000000244379,0,0
000000244411,0,0
000000244496,1,0
000000244592,0,0
000000244750,4,0
000000244833,5,0
000000245026,1,0
000000245102,0,0
000000245173,0,6
000000245311,2,0
000000245320,2,1
000000245448,5,7
000000245513,0,0
000000245576,0,0
000000245651,0,0
000000245764,0,0
000000245915,0,0
000000246308,0,0
000000246436,1,0
000000246454,2,0
000000246522,0,0
000000246883,2,0
000000246963,5,5
000000246968,1,0
000000247806,0,0
000000247838,0,0
000000247917,10,1
000000248111,0,0
000000248112,3,0
000000248284,3,0
000000248314,0,0
000000248334,11,0
000000248400,1,0
000000248616,3,0
000000248631,0,0
000000248752,1,0
000000248810,1,0
000000248980,0,0
000000249025,0,0
000000249129,0,0
000000249180,3,0
000000249219,0,1
000000249550,0,0
000000249643,1,0
000000249786,3,0
000000250127,1,0
000000250137,11,0
000000250205,0,0
000000250282,7,0
000000250619,1,0
000000250758,0,0
000000250766,0,0
000000250901,3,0
000000251065,0,0
000000251119,0,0
000000251140,2,1
000000251537,0,0
000000251572,1,0
000000251824,2,0
000000252216,0,0
000000252219,3,0
000000252294,3,0
000000252332,0,0
000000252507,1,0
000000252559,10,0
000000252701,2,0
000000252716,1,0
000000252776,5,0
000000253002,0,1
000000253386,3,0
000000253433,0,0
000000253452,0,0
000000253695,1,0
000000253742,10,0
000000253819,1,0
000000253835,4,0
000000254016,1,0
000000254368,1,0
000000254516,10,0
000000254814,3,17
000000255165,0,0
000000255401,0,0
000000255483,1,0
000000255536,2,0
000000255664,0,0
000000255718,0,0
000000255747,1,0
000000255749,4,1
000000255824,0,0
000000255912,0,0
000000255917,0,20
000000255965,0,0
000000256192,5,1
000000256195,0,0
000000256407,0,0
000000256518,0,0
000000256775,9,0
000000256868,4,0
000000256916,0,0
000000256941,0,3
000000257084,8,0
000000257169,1,0
000000257370,2,0
000000257478,1,0
000000257566,8,0
000000257624,1,0
000000257865,1,0
000000257896,1,0
000000258388,3,0
000000258541,1,0
000000258793,3,1
000000258883,1,0
000000258911,4,0
000000259097,1,0
000000259382,0,0
000000259571,10,2
000000259597,12,0
000000259625,0,0
000000259640,9,5
000000259690,12,5
000000259830,2,6
000000259854,0,0
000000260105,0,0
000000260106,6,1
000000260261,1,3
000000260266,0,5
000000260470,5,2
000000260657,0,0
000000260925,0,1
000000261036,3,0
000000261061,1,0
000000261097,10,0
000000261116,2,0
000000261161,0,0
000000261318,1,0
000000261535,1,0
000000261706,0,0
000000261712,0,0
000000261732,1,0
000000261796,0,0
000000261888,1,1
000000261982,2,3
000000262048,10,0
000000262227,0,0
000000262440,0,0
000000262487,4,0
000000262587,1,0
000000262631,5,0
000000262682,0,0
000000262895,1,0
000000262938,0,0
000000263068,1,0
000000263299,0,0
000000263403,1,0
000000263425,2,1
000000263463,0,1
000000263474,0,0
000000263594,0,9
000000263644,0,0
000000263679,5,0
000000263796,0,0
000000263860,0,0
000000263966,1,0
000000263969,2,0
000000264335,0,0
000000264441,0,0
000000264535,4,0
000000264968,7,0
000000265108,0,0
000000265518,0,0
000000265777,1,0
000000265816,2,0
000000266082,0,0
000000266206,0,0
000000266400,5,11
000000266409,1,0
000000266768,16,0
000000266892,12,0
000000266981,13,10
000000267169,3,0
000000267191,2,0
000000267300,0,0
000000267351,0,0
000000267434,0,0
000000267537,11,0
000000267670,0,0
000000267903,0,0
000000267933,0,0
000000267940,0,0
000000267946,0,0
000000268000,2,0
000000268375,0,0
000000268378,9,0
000000268729,0,0
000000268831,0,0
000000268996,0,0
000000269113,0,0
000000269121,1,0
000000269196,0,0
000000269314,0,0
000000269316,4,0
000000269632,2,4
000000269682,0,0
000000269866,0,0
000000269932,0,0
000000269942,0,2
000000270066,0,2
000000270122,1,0
000000270244,0,0
000000270297,1,0
000000270386,0,0
000000270402,0,0
000000270474,1,0
000000270677,1,0
000000270705,0,0
000000270883,1,0
000000270908,1,0
000000271116,10,0
000000271402,2,0
000000271457,0,0
000000271471,2,0
000000271728,0,0
000000271997,1,0
000000272049,3,1
000000272136,1,0
000000272148,7,0
000000272212,0,0
000000272364,0,0
000000272416,0,0
000000272566,3,0
000000273132,1,0
000000273198,1,3
000000273232,2,0
000000273420,1,1
000000273493,2,0
000000273551,0,3
000000273617,0,0
000000273642,0,0
000000273711,3,0
000000273712,0,0
000000273715,4,0
000000273760,1,0
000000274066,5,0
000000274219,1,0
000000274272,2,3
000000274411,1,2
000000274460,17,1
000000274687,0,1
000000274708,6,0
000000275058,1,0
000000275198,5,0
000000275392,1,0
000000275727,0,0
000000275749,5,0
000000275791,1,0
000000276018,9,0
000000276024,2,0
000000276055,1,0
000000276284,0,5
000000276285,1,0
000000276434,2,0
000000276707,1,1
000000276720,0,5
000000276804,6,0
000000276921,0,0
000000277005,13,4
000000277020,4,0
000000277051,0,0
000000277197,0,0
000000277584,0,0
000000277689,0,0
000000278006,0,0
000000278353,0,0
000000278463,0,0
000000278705,2,2
000000278749,8,3
000000278848,4,4
000000278973,1,0
000000279145,0,0
000000279278,9,12
000000279541,1,0
000000279714,0,2
000000279730,3,0
000000279769,0,0
000000279774,7,0
000000279887,0,9
000000279927,6,0
000000280325,0,0
000000280710,12,3
000000280779,1,0
000000280891,3,0
000000280918,4,0
000000280930,1,0
000000281032,1,0
000000281179,0,0
000000281409,12,0
000000281414,1,0
000000281447,0,0
000000281687,9,0
000000281693,2,1
000000281754,2,0
000000281759,6,1
000000281929,1,1
000000282037,13,0
000000282046,0,0
000000282296,0,0
000000282298,15,0
000000282912,0,0
000000283037,0,1
000000283038,0,3
000000283070,0,0
000000283113,0,0
000000283268,4,0
000000283318,2,4
000000283412,0,0
000000283520,2,0
000000283717,0,0
000000283785,6,0
000000284106,0,0
000000284279,0,0
000000284282,0,0
000000284296,0,0
000000284445,16,2
000000284623,0,0
000000284698,1,1
000000284725,10,6
000000284743,7,0
000000284762,0,0
000000284764,1,0
000000284991,1,0
000000285047,1,1
000000285349,0,0
000000285788,0,0
000000285894,3,0
000000286182,1,0
000000286422,2,0
000000286458,0,0
000000286503,3,0
000000286507,0,1
000000286523,4,0
000000286553,2,0
000000286660,1,0
000000286708,0,0
000000286849,0,0
000000286907,0,0
000000286908,0,0
000000286994,0,0
000000287291,5,7
000000287347,2,0
000000287527,2,0
000000287545,0,0
000000287649,0,0
000000287667,0,0
000000287714,0,0
000000287874,7,0
000000287959,0,0
000000288042,1,1
000000288062,0,0
000000288391,0,0
000000288430,6,0
000000288584,8,0
000000288685,17,0
000000288762,0,0
000000288862,3,0
000000288882,0,0
000000289059,2,0
000000289222,1,1
000000289229,1,0
000000289343,1,1
000000289393,0,0
000000289415,1,0
000000289417,6,0
000000289516,0,0
000000289586,0,0
000000289594,1,1
000000289659,0,0
000000289702,0,0
000000289741,7,0
000000289938,4,2
000000289960,1,0
000000289992,0,0
000000290081,0,0
000000290163,5,0
000000290179,0,0
000000290248,15,1
000000290293,2,0
000000290592,0,0
000000290619,0,0
000000290768,0,0
000000290771,0,0
000000290833,0,0
000000290843,1,0
000000291490,0,0
000000291551,3,0
000000291619,2,0
000000291634,9,5
000000291664,0,0
000000291791,6,1
000000291861,0,0
000000292005,0,0
000000292024,1,0
000000292060,0,0
000000292082,3,0
000000292155,1,0
000000292225,2,0
000000292236,5,0
000000292330,0,0
000000292415,1,0
000000292446,4,0
000000292456,3,0
000000292488,2,0
000000292908,1,0
000000292997,1,5
000000293044,0,0
000000293071,0,3
000000293200,11,0
000000293245,0,1
000000293300,1,0
000000293324,0,7
000000293390,0,0
000000293474,1,0
000000293625,2,0
000000293794,7,0
000000293804,0,0
000000293858,1,0
000000294162,0,0
000000294163,0,0
000000294350,9,0
000000294695,5,0
000000294783,0,0
000000294831,1,0
000000294855,0,0
000000295138,3,0
000000295231,0,0
000000295316,4,0
000000295420,2,3
000000295478,1,0
000000295713,8,0
000000295797,0,0
000000295809,1,6
000000296222,1,0
000000296224,0,3
000000296231,0,0
000000296284,0,0
000000296317,0,0
000000296634,0,0
000000296649,13,6
000000296657,7,0
000000296969,0,0
000000297022,3,1
000000297084,3,0
000000297085,0,0
000000297147,2,1
000000297343,0,0
000000297353,1,0
000000297396,1,0
000000297427,4,0
000000297562,9,0
000000297578,3,4
000000297595,1,0
000000297681,0,1
000000297698,2,0
000000297830,0,0
000000298251,0,0
000000298396,0,0
000000298697,0,0
000000298738,0,0
000000298904,0,0
000000298994,0,0
000000299355,0,0
000000299553,7,0
000000299609,0,0
000000299720,0,0
000000299887,2,2
000000300039,2,0
000000300155,0,0
000000300233,0,0
000000300276,3,0
000000300341,7,0
000000300659,0,0
000000300842,1,0
000000300913,0,0
000000301061,1,1
000000301135,12,4
000000301376,7,8
000000301421,0,1
000000301563,3,0
000000301718,2,0
000000301867,3,0
000000301981,0,0
000000302030,0,0
000000302107,3,0
000000302165,0,0
000000302452,10,0
000000302536,3,0
000000302760,0,0
000000302882,1,0
000000302990,3,0
000000303305,1,4
000000303499,2,0
000000303566,12,0
000000303653,4,0
000000303713,5,0
000000303818,12,2
000000303863,5,0
000000303893,2,0
000000303908,0,0
000000304180,5,0
000000304291,0,0
000000304365,1,0
000000304396,0,0
000000304404,11,0
000000304545,0,0
000000304560,0,0
000000304812,4,0
000000304817,0,0
000000304984,0,0
000000305309,2,0
000000305317,12,0
000000305343,0,0
000000305609,1,0
000000305695,0,1
000000306136,5,2
000000306139,9,0
000000306437,1,6
000000306582,1,0
000000306700,1,0
000000306733,0,0
000000306893,3,3
000000307074,0,10
000000307145,0,0
000000307172,1,0
000000307598,0,0
000000307658,0,0
000000308165,1,0
000000308193,0,0
000000308328,4,3
000000308391,0,0
000000308394,1,1
000000308430,0,0
000000308466,0,0
000000308476,0,0
000000308531,0,0
000000308545,4,0
000000308587,7,0
000000308631,12,1
000000308753,0,0
000000308793,2,0
000000308799,0,0
000000309173,0,0
000000309391,10,9
000000309452,0,0
000000309467,2,0
000000309484,2,0
000000309495,0,0
000000309655,15,0
000000309678,1,0
000000309938,0,0
000000309964,2,1
000000310072,0,4
000000310200,0,0
000000310622,0,0
000000310862,1,0
000000310980,0,0
000000311002,5,0
000000311081,0,0
000000311180,1,0
000000311190,1,0
000000311295,0,0
000000311303,2,0
000000311392,2,0
000000311394,1,0
000000311518,0,0
000000311789,0,0
000000311883,0,0
000000311909,0,1
000000311928,1,0
000000311950,0,0
000000312192,3,0
000000312213,0,0
000000312237,6,0
000000312263,0,0
000000312278,0,0
000000312340,0,0
000000312406,0,0
000000312421,6,1
000000312489,2,0
000000312549,0,0
000000312552,1,0
000000312586,0,0
000000312720,1,0
000000313034,3,1
000000313130,0,0
000000313182,6,3
000000313454,1,0
000000313562,2,0
000000313588,1,2
000000313783,0,0
000000314034,0,0
000000314177,1,0
000000314182,0,0
000000314251,12,8
000000314264,1,0
000000314294,0,0
000000314541,0,0
000000314709,1,0
000000314914,0,1
000000315001,0,0
000000315187,0,4
000000315219,0,0
000000315257,0,0
000000315450,0,6
000000315492,1,0
000000316015,0,0
000000316054,3,0
000000316404,2,0
000000316666,0,0
000000317024,0,0
000000317433,1,0
000000317999,3,0
000000318080,0,0
000000318114,0,0
000000318138,3,0
000000318238,0,0
000000318455,0,0
000000318908,0,0
000000319100,2,0
000000319184,8,0
000000319369,5,5
000000319534,5,1
000000319607,2,4
000000319617,0,0
000000319696,0,0
000000319721,3,0
000000319935,0,0
000000320232,2,2
000000320425,0,0
000000320490,1,0
000000320554,0,0
000000320632,0,0
000000320642,4,0
000000320664,0,0
000000320696,1,0
000000320706,0,0
000000320743,9,0
000000321118,0,0
000000321214,1,0
000000321333,2,0
000000321557,0,1
000000321790,1,0
000000321887,1,0
000000322163,8,0
000000322211,0,0
000000322352,0,0
000000322429,0,0
000000322574,0,0
000000322610,13,0
000000322724,2,0
000000322829,0,0
000000322844,0,0
000000322864,1,6
000000322895,0,0
000000322944,1,0
000000322959,0,0
000000322968,1,0
000000323151,1,0
000000323202,0,0
000000323263,6,0
000000323355,2,0
000000323496,8,0
000000323571,0,6
000000323709,0,0
000000323751,2,0
000000323799,11,0
000000323828,1,0
000000323895,3,0
000000324158,1,11
000000324258,2,0
000000324614,1,0
000000324715,0,0
000000324818,0,0
000000324927,0,0
000000325031,5,0
000000325114,0,0
000000325306,0,0
000000325347,2,0
000000325483,2,0
000000325527,0,0
000000325838,1,0
000000325991,1,0
000000326082,0,0
000000326128,1,0
000000326174,7,0
000000326248,10,0
000000326462,1,0
000000326541,6,0
000000326542,4,0
000000326627,0,9
000000326970,3,0
000000327306,1,0
000000327592,1,0
000000327601,1,0
000000327605,3,0
000000327617,1,0
000000327701,5,0
000000327769,0,0
000000327780,0,0
000000327890,0,8
000000328030,0,0
000000328117,0,0
000000328238,9,0
000000328286,0,0
000000328337,1,0
000000328430,12,0
000000328601,1,0
000000328683,0,0
000000328959,0,0
000000329041,4,0
000000329080,0,0
000000329219,1,0
000000329319,0,0
000000329323,16,0
000000329447,0,0
000000329455,3,0
000000329456,7,0
000000329542,1,0
000000329614,1,17
000000329827,1,0
000000330369,0,0
000000330396,6,0
000000330554,0,0
000000330790,0,0
000000330818,1,0
000000331075,0,0
000000331280,7,0
000000331317,0,0
000000331352,0,0
000000331569,0,0
000000331604,1,0
000000331799,5,0
000000331817,1,0
000000332318,0,3
000000332351,14,0
000000332455,0,0
000000332570,1,0
000000332845,1,0
000000332901,5,0
000000333069,0,0
000000333237,0,0
000000333402,2,2
000000333697,0,0
000000333745,3,1
000000333772,0,0
000000333956,0,0
000000334006,1,4
000000334309,2,4
000000334371,1,5
000000334399,4,0
000000334417,1,0
000000334483,9,0
000000334521,0,0
000000334530,1,0
000000334555,14,3
000000334719,7,0
000000334767,5,0
000000334977,0,0
000000335081,0,0
000000335177,0,3
000000335328,2,0
000000335427,0,0
000000335450,0,0
000000335529,0,0
000000335658,0,0
000000335800,0,0
000000335954,0,0
000000336053,8,0
000000336209,1,0
000000336232,4,20
000000336265,1,0
000000336309,0,0
000000336356,6,0
000000336587,0,0
000000336628,6,1
000000336658,4,9
000000337055,1,0
000000337498,0,0
000000337987,0,0
000000338191,0,0
000000338219,10,6
000000338304,10,0
000000338325,0,0
000000338428,0,3
000000338532,1,0
000000338560,0,6
000000338624,3,3
000000338625,8,5
000000338718,0,2
000000338901,0,0
000000338905,10,1
000000338986,0,2
000000339442,0,0
000000339823,1,0
000000339870,0,2
000000340015,0,0
000000340175,0,0
000000340272,0,0
000000340451,1,0
000000340697,0,0
000000340894,2,0
000000340930,0,0
000000341058,0,0
000000341094,2,0
000000341196,3,0
000000341469,3,1
000000341681,1,0
000000341719,5,0
000000341828,1,0
000000341921,1,3
000000341973,2,0
000000342006,0,0
000000342128,10,0
000000342186,0,0
000000342295,1,0
000000342367,3,0
000000342397,7,0
000000342971,1,0
000000343076,0,0
000000343149,4,0
000000343218,2,4
000000343315,0,0
000000343453,1,0
000000343466,0,0
000000343496,1,1
000000343524,1,0
000000343561,10,8
000000343706,3,0
000000343803,1,0
000000343934,0,1
000000343937,1,0
000000343976,0,4
000000344029,8,6
000000344059,0,0
000000344100,0,0
000000344268,1,0
000000344611,0,0
000000344614,0,0
000000344621,0,0
000000344795,0,0
000000344816,0,0
000000344888,0,1
000000344909,0,3
000000345027,7,2
000000345252,1,0
000000345261,0,0
000000345356,2,0
000000345361,6,0
000000345385,2,0
000000345397,2,0
000000345466,7,0
000000345469,0,0
000000345941,1,0
000000346232,9,2
000000346638,0,0
000000346703,7,0
000000346707,0,0
000000346905,0,0
000000346968,1,0
000000347163,0,0
000000347174,1,0
000000347254,7,0
000000347265,1,0
000000347335,0,0
000000347370,1,0
000000347456,0,0
000000347544,0,2
000000347664,0,0
000000347693,0,0
000000347930,0,0
000000348012,0,0
000000348045,0,0
000000348216,0,0
000000348243,0,0
000000348481,0,0
000000348488,0,0
000000348708,0,0
000000348881,2,1
000000349152,0,0
000000349184,8,0
000000349302,0,0
000000349480,0,0
000000349594,1,0
000000349678,0,0
000000349837,0,0
000000349860,3,2
000000350002,1,0
000000350003,2,2
000000350019,1,0
000000350023,3,16
000000350054,0,0
000000350122,13,1
000000350148,4,1
000000350388,0,0
000000350405,2,0
000000350488,0,0
000000350607,0,0
000000350679,10,0
000000350833,0,0
000000351096,1,0
000000351331,0,0
000000351362,0,0
000000351530,4,1
000000351559,0,0
000000351589,0,0
000000351609,0,0
000000351810,4,0
000000351823,1,0
000000352491,3,0
000000352582,2,0
000000352584,0,0
000000352618,0,0
000000352684,9,0
000000352760,1,0
000000352900,0,0
000000353027,1,0
000000353051,1,0
000000353096,0,0
000000353180,9,1
000000353518,0,0
000000353970,0,0
000000354072,0,0
000000354307,1,0
000000354547,1,0
000000354753,0,2
000000354829,0,4
000000355169,0,0
000000355240,0,0
000000355257,1,0
000000355325,0,0
000000355610,0,0
000000355677,0,0
000000355817,2,1
000000355905,0,0
000000356094,2,0
000000356125,2,0
000000356169,0,6
000000356248,5,0
000000356261,0,0
000000356347,0,0
000000356387,12,5
000000356424,5,1
000000356427,1,0
000000356428,3,0
000000356432,0,0
000000356498,0,0
000000356505,1,0
000000356531,1,0
000000356612,4,7
000000356968,0,0
000000357060,0,0
000000357081,0,0
000000357238,1,0
000000357430,0,0
000000357459,1,0
000000357501,0,0
000000357567,0,0
000000357737,3,8
000000357742,1,0
000000357748,3,1
000000357816,4,1
000000357888,1,0
000000357903,0,0
000000357941,0,0
000000357978,4,0
000000358195,1,0
000000358427,0,0
000000358525,1,0
000000358923,5,0
000000359135,0,0
000000359219,0,0
000000359540,7,0
000000359677,1,0
000000359781,0,0
000000359833,1,0
000000359855,0,0
000000359937,0,2
000000360097,0,0
000000360137,0,0
000000360325,0,0
000000360393,0,0
000000360564,0,0
000000360661,4,0
000000360943,0,0
000000360951,0,0
000000360960,5,0
000000361103,14,1
000000361142,4,11
000000361147,8,0
000000361180,0,0
000000361238,3,0
000000361268,0,1
000000361506,2,1
000000361551,5,6
000000361571,0,0
000000361586,11,0
000000361621,0,0
000000361730,13,0
000000361919,12,0
000000362434,0,0
000000362520,1,0
000000362682,1,3
000000362716,1,0
000000363072,0,0
000000363188,11,1
000000363207,8,0
000000363461,0,0
000000363666,6,0
000000363784,0,0
000000363840,1,0
000000363875,1,1
000000364102,1,0
000000364126,1,0
000000364166,0,0
000000364297,0,0
000000364322,0,0
000000364557,2,0
000000364587,0,0
000000364636,0,0
000000364884,2,0
000000365095,1,0
000000365098,0,0
000000365207,0,3
000000365208,1,0
000000365385,0,0
000000365387,0,0
000000365521,12,0
000000365642,1,6
000000365655,1,1
000000365745,2,2
000000365766,0,0
000000365886,1,0
000000366141,0,0
000000366178,0,2
000000366199,0,0
000000366225,0,0
000000366611,0,0
000000366711,1,0
000000366884,1,0
000000367082,0,0
000000367095,5,0
000000367195,0,0
000000367228,1,0
000000367386,0,0
000000367569,0,0
000000367680,4,4
000000367818,1,0
000000368038,0,0
000000368212,1,0
000000368294,1,0
000000368335,0,4
000000368456,0,0
000000368684,0,0
000000368752,2,0
000000368900,0,0
000000368940,0,0
000000368961,2,0
000000368982,0,0
000000369037,1,0
000000369081,0,2
000000369310,1,0
000000369323,3,0
000000369370,0,0
000000369442,13,2
000000369503,1,0
000000369541,6,0
000000369675,6,0
000000369751,0,5
000000369757,0,0
000000369771,0,0
000000369812,7,7
000000370042,0,0
000000370208,1,1
000000370270,3,0
000000370375,1,0
000000370478,0,0
000000370486,8,0
000000370677,3,0
000000370711,1,0
000000370813,2,0
000000370818,0,0
000000370900,0,0
000000370999,0,0
000000371042,3,1
000000371472,0,0
000000371529,1,0
000000371552,6,0
000000371677,0,0
000000371699,2,0
000000371749,2,0
000000372203,0,0
000000372260,0,4
000000372307,0,0
000000372317,0,1
000000372349,2,0
000000372466,0,0
000000372577,2,0
000000372718,0,0
000000372819,2,0
000000373315,2,0
000000373353,9,20
000000373382,16,0
000000373705,5,0
000000374052,3,0
000000374083,2,0
000000374369,1,0
000000374545,11,0
000000374551,0,0
000000374727,0,0
000000374982,2,0
000000375015,0,0
000000375078,0,0
000000375278,1,0
000000375430,0,0
000000375469,3,0
000000375493,1,0
000000375763,0,0
000000376093,5,0
000000376112,11,0
000000376206,1,0
000000376264,0,0
000000376278,0,0
000000376284,0,8
000000376307,2,0
000000376310,0,0
000000376322,16,0
000000376365,1,0
000000376442,0,0
000000376478,0,0
000000376625,10,4
000000376856,0,0
000000376900,8,0
000000377000,0,0
000000377113,11,0
000000377239,6,0
000000377368,2,0
000000377393,6,0
000000377486,4,0
000000377497,0,0
000000377575,0,0
000000377588,6,0
000000377635,3,0
000000377670,0,0
000000377723,15,1
000000377814,0,0
000000377882,0,0
000000377946,8,4
000000378099,0,0
000000378116,1,0
000000378139,0,21
000000378244,1,0
000000378284,2,0
000000378453,0,0
000000378454,1,0
000000378515,10,1
000000378605,0,0
000000378673,12,0
000000378873,8,0
000000379332,3,0
000000379441,0,0
000000379453,0,0
000000379476,0,0
000000379533,0,0
000000379800,0,4
000000379842,0,0
000000380203,0,0
000000380706,3,5
000000380711,1,0
000000380913,6,0
000000381360,1,0
000000381587,4,0
000000381639,11,0
000000381971,8,3
000000382009,1,0
000000382030,1,0
000000382088,0,0
000000382111,2,8
000000382122,0,0
000000382125,9,0
000000382696,0,0
000000382734,0,0
000000382743,0,0
000000383289,1,4
000000383337,2,0
000000383339,1,0
000000383384,5,0
000000383386,0,0
000000383443,0,0
000000383606,1,0
000000383621,0,0
000000383676,0,0
000000383838,2,0
000000383842,11,0
000000383921,0,0
000000384136,1,0
000000384350,0,0
000000384468,4,1
000000384513,0,0
000000384527,0,1
000000384616,0,0
000000384651,0,0
000000384661,0,0
000000384666,7,0
000000384670,2,0
000000384808,1,0
000000384850,0,0
000000384949,0,0
000000385029,1,0
000000385190,5,0
000000385205,0,0
000000385719,0,0
000000385997,0,0
000000386134,0,0
000000386210,0,3
000000386277,0,0
000000386352,11,0
000000386457,0,0
000000386879,1,0
000000386912,1,0
000000387098,0,0
000000387148,0,0
000000387383,0,0
000000387387,2,1
000000387916,11,0
000000388056,10,0
000000388215,1,0
000000388258,0,1
000000388846,9,0
000000388903,4,1
000000388927,3,0
000000389109,6,0
000000389197,8,0
000000389315,0,0
000000389316,1,0
000000389381,0,0
000000389451,7,0
000000389532,1,0
000000389566,0,1
000000389684,1,1
000000389804,0,0
000000389812,1,0
000000389933,0,0
000000390246,1,0
000000390301,0,0
000000390555,15,0
000000390826,1,0
000000390902,2,0
000000391140,1,0
000000391144,0,0
000000391290,3,1
000000391375,1,0
000000391648,0,0
000000391722,6,0
000000392228,0,0
000000392481,0,0
000000392722,5,8
000000392818,0,0
000000392933,0,0
000000393014,0,0
000000393056,1,0
000000393093,1,8
000000393115,1,0
000000393226,1,8
000000393282,0,0
000000393469,2,0
000000393569,2,0
000000393838,0,0
000000394199,1,1
000000394206,8,5
000000394275,8,1
000000394328,0,0
000000394510,1,7
000000394559,2,0
000000394611,0,0
000000394677,5,0
000000394940,1,0
000000395180,6,2
000000395343,0,0
000000395388,11,0
000000395575,1,0
000000395633,1,0
000000395701,0,0
000000395801,7,2
000000395903,1,0
000000396200,2,6
000000396205,0,0
000000396274,0,0
000000396338,5,5
000000396518,1,0
000000396526,0,0
000000396568,0,0
000000396580,0,0
000000396729,0,0
000000396863,1,0
000000396903,2,0
000000397133,2,0
000000397279,1,0
000000397303,10,0
000000397327,0,0
000000397351,1,2
000000397354,6,0
000000397639,0,0
000000397681,0,0
000000398028,8,0
000000398203,10,0
000000398237,1,0
000000398377,5,0
000000398438,1,0
000000398652,0,0
000000398742,4,3
000000398810,0,0
000000398905,1,0
000000399205,11,3
000000399296,1,0
000000399462,3,0
000000399560,0,0
000000399655,0,0
000000399764,1,1
000000400044,1,0
000000400082,0,0
000000400161,1,0
000000400367,0,10
000000400573,3,0
000000400794,1,0
000000400803,1,0
000000400815,1,0
000000400922,0,0
000000401244,1,0
000000401250,1,0
000000401446,1,0
000000401862,10,2
000000401991,0,0
000000402096,0,0
000000402118,1,0
000000402334,0,0
000000402346,0,0
000000402433,0,0
000000402473,0,0
000000402519,0,0
000000402615,5,0
000000402720,3,0
000000402765,3,0
000000402774,1,0
000000402783,0,0
000000402992,0,0
000000403122,10,0
000000403353,0,0
000000403385,0,0
000000403565,1,1
000000403584,5,0
000000403817,0,0
000000404128,0,0
000000404191,0,0
000000404249,1,0
000000404479,0,0
000000404484,1,0
000000404534,0,1
000000404568,0,0
000000404601,0,0
000000404678,7,0
000000404805,1,0
000000404839,2,0
000000404922,3,0
000000404923,4,0
000000405195,2,0
000000405205,0,4
000000405249,10,0
000000405279,3,0
000000405306,0,0
000000405432,0,0
000000405691,0,0
000000405970,0,0
000000405972,0,0
000000406129,1,0
000000406417,3,0
000000406570,0,0
000000406611,11,0
000000406997,5,0
000000407002,1,0
000000407083,1,1
000000407298,2,0
000000407403,0,0
000000407518,0,0
000000407524,0,0
000000407574,0,0
000000407614,0,0
000000407646,1,0
000000407650,1,0
000000407825,0,0
000000407868,3,0
000000407943,2,0
000000407960,0,0
000000408112,8,0
000000408120,1,3
000000408696,2,0
000000408774,4,0
000000408830,0,5
000000409198,1,1
000000409211,13,0
000000409268,0,0
000000409358,0,0
000000409424,0,0
000000409475,2,0
000000409542,7,0
000000409630,0,0
000000409867,0,0
000000410221,0,0
000000410428,0,0
000000410456,8,0
000000410487,0,0
000000410496,12,0
000000410510,1,0
000000410612,0,0
000000410650,12,0
000000410712,0,0
000000410735,1,0
000000410878,0,1
000000410880,4,1
000000410934,1,0
000000411530,12,0
000000411665,0,0
000000411754,5,0
000000411774,2,0
000000411817,8,0
000000411938,9,5
000000411953,2,0
000000412240,0,0
000000412286,1,0
000000412362,3,0
000000412531,0,3
000000412887,0,0
000000412894,12,0
000000413247,0,0
000000413395,2,0
000000413404,2,0
000000413552,2,0
000000413689,6,3
000000414034,1,0
000000414133,0,5
000000414170,3,0
000000414261,0,0
000000414340,0,0
000000414385,1,4
000000414510,3,5
000000414638,0,0
000000414673,14,0
000000414676,0,0
000000414795,6,0
000000415194,0,0
000000415238,0,0
000000415536,0,1
000000415716,0,0
000000415727,4,0
000000415741,0,0
000000415748,2,0
000000415882,1,0
000000415990,2,0
000000416104,15,0
000000416170,0,0
000000416256,0,0
000000416269,0,0
000000416330,0,0
000000416343,2,0
000000416451,2,0
000000416534,0,0
000000416745,0,0
000000416758,0,0
000000416837,0,0
000000416885,1,1
000000416991,0,0
000000417043,0,0
000000417085,0,0
000000417249,6,0
000000417285,2,0
000000417465,0,0
000000417608,0,0
000000417632,7,0
000000417779,1,2
000000417876,0,0
000000417911,1,0
000000418062,3,0
000000418281,0,0
000000418696,0,3
000000418959,0,0
000000418961,0,0
000000419096,0,0
000000419098,0,0
000000419201,0,0
000000419312,0,0
000000419379,1,0
000000419408,2,2
000000419601,0,0
000000419653,0,0
000000419882,0,0
000000419974,2,0
000000420069,9,0
000000420230,0,0
000000420281,3,0
000000420472,0,0
000000420840,3,0
000000420916,3,0
000000421060,4,0
000000421455,1,2
000000421757,1,0
000000421834,0,0
000000421923,0,0
000000422670,1,0
000000422706,3,0
000000422836,3,0
000000422886,1,0
000000422998,1,0
000000423104,2,0
000000423123,5,0
000000423229,2,0
000000423506,2,0
000000423519,0,1
000000423617,3,11
000000423798,0,0
000000423944,2,0
000000423971,0,0
000000424135,0,0
000000424162,3,10
000000424349,2,0
000000424521,1,0
000000424545,0,0
000000424551,2,0
000000424642,2,0
000000424721,0,0
000000424776,0,0
000000424975,2,2
000000425221,3,0
000000425226,1,0
000000425227,3,0
000000425361,1,0
000000425390,0,0
000000425702,2,0
000000425906,9,0
000000425925,1,8
000000426166,0,1
000000426203,2,5
000000426241,1,0
000000426253,0,0
000000426268,1,1
000000426297,0,0
000000426329,0,0
000000426372,0,4
000000426376,1,0
000000426795,3,0
000000426836,1,0
000000427034,1,0
000000427055,0,8
000000427077,1,0
000000427160,4,0
000000427256,12,0
000000427338,3,4
000000427500,0,2
000000427649,0,0
000000427655,5,4
000000427997,3,0
000000428111,4,1
000000428218,2,0
000000428280,0,0
000000428454,1,0
000000428562,4,0
000000428867,0,0
000000429011,1,2
000000429109,4,7
000000429281,0,0
000000429530,0,0
000000429598,0,0
000000429623,0,0
000000429690,10,1
000000429718,1,0
000000429761,2,0
000000430048,0,0
000000430056,0,0
000000430073,13,1
000000430286,0,0
000000430377,2,0
000000430871,0,0
000000430875,0,0
000000430961,5,0
000000430973,0,0
000000431140,0,0
000000431545,2,0
000000431568,0,0
000000431693,1,0
000000431727,0,0
000000431848,2,0
000000431876,9,0
000000431896,0,0
000000432085,1,0
000000432468,0,0
000000432553,1,0
000000432898,10,7
000000433103,15,0
000000433134,0,0
000000433192,0,0
000000433204,6,4
000000433243,0,0
000000433374,0,0
000000433515,9,5
000000433774,0,3
000000433915,2,0
000000433980,1,0
000000434204,4,0
000000434230,3,0
000000434247,2,0
000000434297,0,0
000000434459,8,0
000000434479,0,0
000000434548,1,0
000000434996,0,0
000000435003,0,0
000000435081,0,0
000000435205,2,0
000000435206,3,0
000000435208,2,0
000000435299,0,0
000000435880,0,0
000000436315,0,0
000000436551,0,0
000000436617,16,0
000000436738,2,6
000000436883,2,5
000000437110,0,0
000000437205,1,0
000000437239,4,3
000000437331,1,0
000000437351,1,0
000000437392,0,0
000000437514,0,0
000000437898,0,0
000000438017,0,8
000000438226,0,0
000000438269,0,0
000000438304,2,0
000000438774,4,0
000000438862,5,0
000000438876,1,0
000000438907,2,0
000000438955,13,0
000000439180,16,7
000000439290,0,0
000000439426,4,0
000000439522,1,0
000000439525,1,0
000000439593,6,0
000000439623,0,6
000000439715,16,0
000000439773,1,0
000000439854,10,1
000000439994,2,0
000000440171,2,0
000000440184,4,0
000000440336,5,0
000000440475,1,0
000000440507,0,0
000000440508,0,0
000000440617,0,0
000000441247,2,0
000000441286,1,0
000000441442,2,0
000000441468,3,3
000000441491,3,0
000000441543,11,0
000000441553,12,0
000000441586,5,6
000000442009,0,0
000000442161,4,0
000000442306,1,0
000000442323,0,0
000000442456,2,4
000000442463,1,0
000000442480,3,0
000000442661,0,0
000000442746,1,1
000000442822,0,1
000000442836,3,0
000000442993,0,0
000000443303,0,0
000000443426,1,0
000000443498,0,1
000000443844,1,0
000000443969,4,0
000000444142,1,0
000000444275,0,0
000000444879,0,0
000000445248,0,0
000000445365,0,0
000000445439,0,0
000000445602,5,0
000000445658,0,0
000000445675,0,0
000000445722,3,0
000000445792,2,0
000000445834,4,1
000000445846,0,0
000000445999,1,0
000000446005,0,0
000000446117,0,0
000000446206,0,1
000000446207,0,0
000000446522,0,0
000000446574,0,0
000000446651,2,3
000000446703,0,0
000000447088,3,0
000000447169,0,0
000000447187,4,0
000000447200,0,0
000000447313,0,0
000000447314,5,0
000000447342,0,12
000000447465,3,0
000000447522,0,0
000000447611,2,0
000000447789,0,0
000000447917,4,1
000000448076,6,0
000000448256,3,1
000000448263,2,0
000000448365,2,0
000000448410,13,0
000000448448,0,0
000000448810,1,0
000000449190,0,0
000000449198,0,0
000000449312,1,1
000000449406,0,0
000000449432,15,1
000000449579,1,0
000000449603,1,0
000000449661,1,0
000000449909,1,0
000000449996,1,4
000000450075,3,0
000000450100,0,0
000000450202,3,0
000000450303,6,0
000000450399,12,0
000000450439,0,0
000000450488,0,0
000000450559,1,0
000000450686,1,0
000000450758,0,0
000000451043,1,0
000000451084,1,0
000000451090,0,0
000000451144,2,0
000000451150,0,0
000000451155,1,0
000000451308,0,0
000000451435,1,0
000000451571,0,0
000000451693,0,0
000000451714,3,0
000000451879,4,0
000000452084,0,0
000000452122,0,0
000000452321,0,4
000000452515,3,0
000000452784,1,0
000000452793,0,0
000000452891,0,0
000000453001,2,0
000000453040,1,0
000000453166,4,0
000000453302,0,0
000000453341,0,0
000000453584,0,0
000000453634,0,0
000000453708,8,0
000000453722,0,0
000000453841,2,6
000000453860,0,0
000000453981,0,0
000000454067,1,0
000000454404,1,0
000000454661,0,5
000000454750,0,0
000000454798,2,4
000000454978,0,1
000000455085,1,1
000000455157,1,0
000000455219,4,0
000000455267,0,0
000000455301,2,0
000000455352,0,0
000000455448,3,0
000000455555,2,0
000000455597,1,0
000000455624,17,1
000000455716,0,3
000000455872,0,0
000000455937,1,0
000000455981,0,0
000000456015,5,0
000000456143,0,0
000000456292,0,0
000000456303,2,0
000000456394,0,5
000000456496,1,0
000000456559,1,0
000000456662,1,0
000000456865,0,0
000000457078,1,0
000000457262,0,0
000000457559,6,0
000000457848,4,3
000000457884,3,0
000000458045,7,0
000000458054,0,0
000000458109,2,0
000000458223,1,2
000000458255,1,0
000000458325,8,16
000000458410,0,0
000000458663,0,0
000000458702,0,1
000000458755,6,0
000000458768,0,0
000000458790,0,0
000000458992,1,0
000000459153,1,0
000000459195,3,0
000000459272,9,0
000000459396,0,0
000000459437,2,0
000000459467,0,0
000000459500,0,1
000000459634,1,2
000000459662,2,0
000000459757,0,0
000000459809,7,0
000000459887,0,0
000000459954,1,0
000000460147,0,21
000000460160,0,0
000000460229,0,1
000000460333,1,0
000000460347,1,5
000000460379,0,0
000000460494,0,0
000000460682,0,0
000000460683,2,0
000000460841,1,0
000000460927,0,0
000000460929,0,0
000000460967,0,1
000000461009,7,0
000000461036,0,0
000000461275,0,0
000000461405,0,0
000000461573,0,0
000000461751,3,3
000000462031,1,0
000000462371,10,0
000000462576,0,0
000000462614,0,0
000000462629,0,0
000000462643,1,0
000000462728,1,0
000000462756,1,3
000000462904,11,0
000000463037,0,0
000000463174,1,0
000000463199,11,0
000000463283,0,0
000000463522,8,1
000000463527,0,0
000000463542,17,0
000000463618,2,0
000000463647,0,4
000000463690,5,0
000000463730,13,3
000000463802,1,0
000000463842,0,0
000000463849,2,6
000000463918,2,0
000000464089,7,1
000000464144,1,0
000000464251,0,0
000000464358,0,0
000000464476,1,0
000000464522,0,0
000000464689,0,0
000000464786,4,0
000000464824,1,2
000000464872,0,0
000000465129,1,0
000000465179,1,0
000000465180,6,0
000000465430,0,0
000000465549,2,0
000000465585,0,0
000000465675,0,1
000000465718,3,0
000000465806,2,0
000000465822,12,0
000000465836,3,0
000000466085,0,0
000000466125,2,0
000000466156,0,5
000000466256,0,0
000000466339,0,0
000000466416,0,2
000000466567,0,0
000000466602,1,0
000000466835,0,0
000000466986,2,0
000000467176,4,0
000000467315,1,0
000000467511,2,2
000000467776,0,1
000000467848,1,4
000000468124,0,2
000000468233,0,0
000000468245,0,0
000000468332,12,1
000000468501,3,0
000000468505,1,0
000000468577,1,0
000000468632,3,0
000000468925,0,0
000000468954,2,0
000000468965,10,0
000000469067,1,0
000000469174,0,0
000000469192,1,1
000000469246,4,0
000000469652,0,0
000000469828,1,0
000000470121,0,0
000000470173,0,3
000000470773,1,0
000000470779,5,0
000000470924,7,5
000000470952,7,0
000000471023,10,0
000000471087,1,0
000000471450,0,0
000000471567,2,0
000000471756,1,0
000000471789,12,0
000000471869,0,0
000000471893,3,0
000000471991,0,0
000000472030,0,0
000000472046,0,0
000000472298,2,0
000000472375,0,2
000000472623,3,1
000000472678,0,0
000000473015,0,0
000000473118,1,1
000000473121,1,0
000000473219,6,0
000000473237,2,0
000000473406,1,0
000000473821,0,0
000000473869,1,0
000000473974,0,0
000000474021,4,0
000000474028,13,0
000000474039,1,0
000000474078,4,0
000000474095,1,0
000000474164,0,2
000000474167,5,0
000000474170,0,0
000000474293,1,0
000000474344,2,0
000000474452,0,10
000000474786,0,0
000000474854,1,0
000000474881,0,0
000000475064,3,0
000000475150,0,0
000000475191,1,0
000000475223,0,0
000000475365,0,0
000000475387,13,0
000000475484,4,3
000000475572,2,0
000000475678,0,0
000000475732,0,0
000000475779,0,0
000000475904,0,0
000000476119,1,5
000000476215,1,0
000000476258,1,0
000000476415,1,0
000000476491,1,0
000000476514,2,0
000000476704,0,7
000000476770,9,0
000000476787,0,0
000000476810,0,0
000000477118,0,0
000000477227,0,1
000000477288,8,0
000000477441,2,1
000000477623,0,0
000000477689,1,0
000000477805,2,0
000000477955,1,0
000000478136,0,0
000000478286,0,0
000000478393,0,0
000000478420,2,0
000000478474,0,5
000000478721,5,8
000000478862,14,0
000000479030,0,6
000000479099,0,0
000000479126,2,0
000000479155,10,0
000000479248,3,0
000000479448,0,0
000000479596,0,0
000000479732,0,0
000000479912,4,1
000000479953,1,0
000000480021,4,4
000000480122,0,0
000000480212,0,0
000000480275,1,0
000000480842,0,0
000000480936,1,0
000000480944,0,9
000000480985,7,3
000000481159,0,0
000000481386,1,0
000000481390,9,0
000000481404,0,0
000000481413,1,0
000000481480,3,0
000000481567,1,1
000000481573,1,0
000000481582,3,0
000000482100,0,0
000000482275,2,0
000000482319,3,0
000000482436,3,0
000000482477,0,0
000000482487,0,2
000000482585,3,0
000000482719,0,0
000000482735,1,0
000000482800,3,0
000000482917,1,0
000000482970,0,0
000000482978,0,0
000000483050,0,0
000000483531,0,0
000000483667,1,0
000000483999,12,0
000000484029,0,6
000000484296,0,0
000000484351,16,0
000000484404,5,4
000000484415,2,0
000000484760,0,0
000000484893,2,0
000000484978,1,0
000000485027,1,0
000000485071,1,0
000000485130,0,0
000000485237,3,6
000000485424,0,0
000000485480,3,0
000000485802,0,0
000000485844,1,0
000000485895,0,0
000000485972,0,0
000000486040,0,0
000000486046,0,0
000000486104,4,0
000000486112,2,0
000000486438,1,0
000000486479,0,0
000000486573,0,0
000000487583,0,0
000000488075,0,0
000000488166,1,0
000000488251,2,0
000000488270,0,0
000000488385,0,2
000000488592,5,3
000000488664,0,0
000000488673,2,0
000000488710,1,0
000000488736,0,0
000000489014,0,0
000000489046,0,0
000000489091,0,0
000000489305,1,0
000000489339,1,0
000000489611,1,0
000000489764,2,0
000000489842,9,0
000000489924,1,0
000000490125,0,2
000000490171,1,0
000000490413,0,0
000000490470,0,0
000000490515,1,0
000000490936,7,12
000000491008,2,0
000000491071,0,0
000000491090,1,5
000000491130,1,0
000000491213,0,8
000000491216,0,0
000000491366,2,0
000000491464,1,3
000000491470,0,0
000000491497,1,0
000000491613,0,0
000000491683,0,1
000000491725,0,0
000000491757,0,0
000000491867,3,0
000000492077,8,8
000000492110,3,0
000000492282,5,0
000000492284,1,0
000000492362,3,0
000000492758,1,0
000000492878,0,0
000000492905,0,0
000000492937,1,1
000000492968,1,0
000000492992,0,0
000000493019,0,0
000000493284,0,0
000000493286,3,1
000000493334,0,0
000000493442,1,0
000000493566,1,0
000000493613,0,0
000000493772,1,0
000000493799,0,0
000000493864,2,0
000000493905,13,0
000000494188,7,0
000000494427,0,0
000000494634,0,0
000000494759,2,0
000000494863,0,1
000000494869,2,0
000000494913,1,0
000000495054,0,6
000000495146,7,3
000000495448,0,0
000000495732,3,0
000000496409,2,0
000000496571,2,0
000000496597,2,0
000000496722,0,5
000000496854,8,0
000000496954,0,0
000000497344,1,0
000000497568,3,0
000000497599,4,0
000000497628,0,0
000000497867,3,1
000000498032,1,0
000000498286,0,2
000000498463,0,0
000000498709,0,3
000000498747,11,0
000000498807,1,0
000000498857,0,0
000000498919,1,0
000000499031,3,0
000000499109,0,0
000000499181,0,7
000000499266,3,0
000000499313,0,0
000000499622,1,1
000000499768,0,2
000000499775,0,2
000000500049,0,0
000000500211,0,0
000000500257,5,0
000000500270,5,0
000000500423,0,0
000000500464,0,0
000000500477,2,0
000000500478,13,0
000000500565,2,0
000000500613,2,9
000000500663,0,0
000000500716,1,0
000000500826,0,0
000000501005,3,0
000000501023,0,0
000000501243,1,0
000000501368,1,0
000000501523,0,0
000000502136,0,0
000000502168,7,0
000000502229,0,0
000000502336,5,0
000000502347,0,0
000000502599,0,0
000000502732,0,0
000000502737,2,0
000000502910,0,0
000000503755,1,0
000000503823,0,0
000000503841,0,0
000000503855,10,1
000000504000,10,0
000000504074,2,0
000000504389,3,0
000000504415,1,5
000000504439,0,0
000000504580,0,0
000000504589,2,0
000000504635,0,0
000000504711,0,0
000000505169,0,0
000000505451,1,0
000000505565,0,0
000000505573,0,0
000000505638,4,0
000000505789,6,0
000000505942,2,0
000000506004,0,0
000000506178,4,0
000000506279,0,0
000000506310,1,0
000000506454,0,0
000000506656,2,1
000000506707,8,2
000000506933,1,0
000000507015,6,0
000000507037,15,8
000000507042,0,0
000000507081,0,0
000000507223,9,0
000000507235,0,0
000000507473,1,0
000000507575,0,0
000000507667,6,3
000000507797,8,4
000000507893,0,0
000000507975,7,1
000000508101,4,0
000000508312,0,0
000000508370,3,1
000000508482,0,0
000000508586,0,0
000000508602,0,2
000000508639,0,0
000000508730,2,0
000000508917,13,0
000000509008,0,2
000000509014,8,0
000000509131,0,0
000000509258,0,0
000000509260,0,0
000000509403,3,0
000000509451,8,0
000000509656,0,0
000000509699,1,0
000000509719,0,0
000000509735,0,0
000000509824,0,0
000000510095,1,0
000000510329,2,0
000000511076,1,0
000000511321,0,0
000000511384,1,0
000000511398,0,0
000000511453,0,0
000000511599,12,1
000000511647,1,0
000000511760,2,7
000000511999,3,2
000000512194,0,0
000000512248,0,0
000000512330,0,0
000000512403,0,0
000000512476,0,0
000000512564,0,8
000000512648,0,0
000000512657,3,0
000000512776,2,0
000000512836,3,0
000000512929,2,0
000000512985,2,0
000000513041,2,0
000000513181,0,8
000000513283,0,0
000000513484,0,0
000000513524,1,0
000000513567,10,1
000000513580,1,1
000000513688,0,0
000000514376,0,5
000000514508,4,1
000000514540,0,0
000000514586,4,2
000000514797,3,0
000000514914,0,0
000000514979,0,0
000000515025,2,6
000000515077,1,0
000000515266,0,3
000000515350,1,0
000000515445,4,0
000000515577,4,0
000000515579,3,0
000000515828,2,0
000000515982,3,0
000000516038,3,0
000000516143,1,1
000000516173,2,0
000000516316,0,0
000000516318,1,0
000000516601,11,0
000000516677,8,0
000000516708,0,0
000000516804,0,2
000000516871,0,0
000000516916,0,0
000000517056,2,1
000000517069,2,4
000000517523,0,0
000000517687,0,0
000000517832,0,0
000000518213,0,0
000000518326,2,0
000000518770,5,0
000000519039,0,1
000000519208,1,0
000000519338,0,0
000000519491,0,0
000000519522,0,0
000000519569,0,0
000000519611,0,0
000000519688,1,0
000000519764,0,0
000000520009,3,3
000000520077,0,0
000000520264,2,0
000000520301,0,0
000000520324,1,0
000000520531,0,0
000000520659,15,0
000000520707,12,0
000000520832,1,0
000000520871,0,0
000000520910,1,0
000000521052,0,2
000000521141,6,8
000000521231,0,0
000000521259,17,1
000000521282,0,0
000000521405,0,0
000000521509,1,0
000000521540,0,0
000000521601,0,0
000000521717,3,0
000000521719,0,0
000000521819,9,4
000000521956,1,0
000000522007,0,0
000000522156,0,0
000000522393,2,0
000000522638,0,0
000000522713,0,0
000000522751,0,0
000000522889,3,0
000000522940,0,0
000000523033,3,0
000000523100,1,0
000000523175,0,0
000000523194,0,0
000000523229,0,0
000000523241,0,9
000000523782,0,2
000000523807,2,0
000000523811,0,0
000000523957,12,0
000000524108,2,12
000000524280,0,0
000000524456,3,0
000000524742,0,0
000000524850,9,1
000000525083,0,0
000000525155,1,0
000000525247,0,0
000000525286,0,0
000000525322,0,0
000000525600,0,0
000000526103,0,0
000000526197,0,0
000000526256,0,0
000000526392,0,5
000000526706,0,0
000000526728,2,2
000000526751,1,1
000000527029,1,0
000000527215,5,0
000000527220,0,4
000000527427,1,0
000000527528,1,0
000000527616,1,0
000000527695,0,0
000000527750,1,0
000000527784,0,0
000000527960,0,0
000000528314,12,0
000000528399,0,0
000000528524,0,0
000000528578,0,0
000000528705,2,0
000000528862,0,0
000000528977,0,0
000000528980,0,9
000000529105,0,0
000000529122,3,0
000000529148,2,0
000000529528,0,0
000000529568,0,0
000000529762,1,0
000000529939,1,0
000000529966,0,0
000000530052,0,0
000000530061,2,0
000000530099,0,1
000000530146,0,0
000000530162,13,0
000000530457,0,0
000000530466,0,0
000000530470,1,6
000000530624,0,0
000000530820,1,0
000000530836,0,0
000000530854,1,0
000000530975,9,0
000000531036,1,2
000000531134,7,1
000000531135,9,0
000000531495,0,0
000000531707,4,0
000000531771,0,0
000000532058,1,0
000000532071,0,0
000000532129,0,0
000000532481,2,4
000000532493,1,0
000000532530,4,0
000000532575,0,0
000000532690,4,0
000000532761,0,0
000000532855,2,0
000000532901,0,0
000000533145,1,0
000000533206,0,0
000000533493,4,0
000000533536,0,0
000000533816,16,0
000000533855,0,0
000000533958,0,0
000000534041,6,0
000000534270,2,0
000000534394,0,1
000000534601,0,0
000000534605,3,3
000000534639,0,2
000000534664,0,0
000000534673,2,1
000000534827,3,5
000000535094,3,0
000000535156,0,0
000000535253,0,0
000000535306,1,0
000000535523,2,0
000000535578,0,0
000000535608,4,0
000000535858,1,0
000000536038,0,0
000000536073,0,0
000000536343,0,0
000000536947,0,0
000000537053,0,0
000000537153,3,0
000000537241,0,0
000000537270,3,0
000000537355,0,0
000000537506,4,4
000000537672,0,0
000000537802,0,0
000000537812,0,0
000000537827,2,0
000000537964,0,0
000000537991,1,0
000000538067,5,0
000000538236,4,0
000000538364,4,5
000000538458,2,1
000000539143,0,0
000000539445,0,1
000000539883,1,0
000000539962,4,0
000000540280,0,0
000000540414,15,2
000000540466,1,0
000000540502,0,0
000000540928,0,0
000000540932,9,0
000000540962,0,0
000000541055,5,0
000000541123,8,0
000000541291,0,0
000000541634,0,0
000000541664,0,0
000000541773,5,0
000000541952,0,0
000000542073,0,0
000000542089,0,0
000000542127,16,0
000000542423,1,9
000000542625,0,4
000000542776,1,0
000000542856,3,1
000000543043,0,5
000000543047,0,0
000000543300,0,0
000000543528,0,0
000000543581,0,0
000000544052,0,0
000000544306,0,0
000000544444,1,0
000000544519,1,0
000000544565,0,0
000000544605,0,0
000000544811,0,0
000000545007,0,0
000000545100,4,1
000000545129,0,0
000000545219,4,2
000000545407,0,0
000000545594,9,1
000000545730,0,0
000000545826,0,0
000000545958,0,0
000000546011,0,0
000000546219,11,0
000000546325,0,0
000000546475,2,0
000000546556,0,0
000000546626,0,0
000000546659,2,0
000000546717,1,0
000000546823,9,0
000000546826,0,0
000000546829,0,0
000000546964,6,0
000000546976,1,0
000000547144,0,0
000000547336,1,0
000000547383,0,0
000000547502,0,0
000000547519,0,0
000000547816,0,0
000000547854,1,0
000000547886,4,0
000000548246,4,0
000000548267,0,0
000000548339,5,0
000000548506,0,0
000000548524,1,0
000000548555,2,0
000000548780,7,0
000000549055,1,0
000000549136,0,0
000000549167,0,0
000000549220,4,0
000000549390,10,7
000000549674,0,0
000000549738,5,8
000000549930,3,0
000000550084,0,1
000000550322,0,0
000000550349,5,2
000000550426,0,0
000000550471,0,0
000000550691,3,5
000000550714,2,0
000000550797,0,0
000000550939,0,0
000000551215,1,0
000000551304,0,0
000000551350,0,0
000000551439,1,0
000000551660,0,0
000000551780,0,0
000000551794,1,1
000000551804,1,0
000000551815,0,0
000000551820,15,0
000000551822,0,0
000000552371,0,0
000000552612,0,0
000000552775,2,0
000000552842,1,0
000000552883,0,0
000000552902,0,0
000000553094,0,0
000000553221,15,0
000000553339,0,1
000000553511,1,4
000000553664,0,0
000000553669,8,4
000000553731,6,0
000000553776,1,1
000000553788,1,0
000000553990,1,0
000000554002,10,0
000000554156,1,0
000000554266,2,0
000000554291,0,0
000000554328,4,0
000000554579,3,0
000000554595,1,0
000000554735,1,0
000000554838,0,0
000000555005,0,0
000000555009,0,0
000000555012,0,0
000000555050,1,4
000000555412,0,0
000000555597,0,12
000000555705,0,0
000000555972,0,0
000000556000,4,0
000000556158,1,0
000000556193,2,0
000000556498,0,0
000000556765,0,0
000000556873,0,0
000000557172,0,0
000000557258,0,0
000000557501,0,0
000000557672,4,0
000000557884,0,0
000000557916,1,0
000000558073,0,0
000000558114,7,0
000000558213,2,0
000000558421,1,0
000000558558,0,1
000000558854,1,0
000000559099,0,0
000000559160,7,0
000000559348,5,0
000000559513,0,0
000000559543,1,0
000000559547,3,0
000000559707,0,0
000000559842,15,0
000000559956,3,0
000000560011,0,0
000000560178,1,0
000000560256,0,0
000000560266,0,0
000000560279,0,0
000000560312,0,0
000000560371,0,0
000000560474,14,1
000000560880,2,0
000000560911,1,0
000000561009,0,0
000000561223,1,0
000000561256,1,0
000000561335,0,0
000000561366,0,0
000000561465,0,0
000000561679,0,1
000000561889,0,0
000000561958,12,0
000000562059,0,0
000000562121,0,0
000000562197,0,0
000000562207,3,0
000000562229,3,0
000000562243,1,0
000000562443,0,0
000000562448,1,1
000000562561,0,0
000000562581,1,0
000000562818,9,0
000000562843,0,0
000000563267,2,0
000000563281,1,0
000000563349,1,0
000000563470,1,0
000000563603,0,0
000000563604,8,0
000000563648,13,0
000000563653,3,11
000000563702,2,3
000000563758,0,0
000000563882,9,0
000000564023,0,0
000000564091,1,0
000000564127,0,0
000000564133,0,0
000000564280,0,0
000000564336,1,1
000000565012,0,2
000000565045,1,0
000000565153,0,0
000000565391,0,1
000000565469,0,0
000000565563,1,9
000000565597,0,0
000000565607,0,0
000000565624,0,0
000000565776,0,0
000000565778,7,0
000000565853,1,0
000000565877,1,0
000000565962,1,0
000000565989,0,0
000000566042,0,0
000000566282,8,2
000000566436,1,0
000000566524,2,0
000000566758,0,2
000000566923,10,0
000000567011,1,0
000000567197,0,9
000000567432,0,0
000000567640,7,3
000000567740,2,0
000000567825,0,0
000000567886,1,0
000000567898,0,0
000000568147,6,3
000000568195,3,0
000000568213,2,0
000000568290,2,3
000000568439,12,4
000000568584,1,0
000000568690,0,0
000000568710,1,0
000000568814,3,0
000000568981,2,0
000000569030,11,7
000000569059,1,0
000000569273,5,0
000000569565,0,4
000000569700,0,0
000000569825,2,0
000000569917,0,0
000000569972,1,0
000000569976,2,0
000000570169,0,0
000000570448,1,0
000000570456,0,0
000000570471,1,0
000000570539,4,1
000000570664,1,0
000000570688,12,0
000000570736,0,0
000000570756,7,0
000000570782,0,0
000000570834,1,9
000000571008,0,0
000000571264,1,1
000000571313,0,0
000000571598,12,0
000000571718,3,0
000000571804,0,0
000000571857,2,2
000000571893,0,0
000000571943,0,0
000000572303,0,0
000000572388,0,0
000000572408,0,0
000000572462,8,0
000000572517,1,0
000000572555,0,0
000000572620,13,0
000000572678,0,0
000000572900,6,0
000000572956,0,8
000000573008,0,0
000000573094,0,1
000000573258,1,0
000000573391,0,0
000000573626,0,0
000000573943,0,10
000000574297,1,0
000000574315,1,0
000000574425,0,3
000000574520,1,0
000000574702,6,6
000000574810,0,0
000000574823,5,0
000000575081,1,0
000000575187,1,0
000000575205,0,0
000000575243,1,3
000000575357,0,0
000000575372,0,0
000000575500,0,0
000000575815,0,0
000000575970,0,0
000000576031,4,0
000000576052,1,0
000000576566,1,0
000000576654,2,0
000000576955,2,0
000000577149,0,0
000000577182,0,0
000000577539,1,0
000000577584,0,0
000000577735,0,0
000000577862,0,0
000000577864,3,0
000000577932,12,6
000000577959,1,0
000000577976,0,6
000000578093,6,0
000000578236,0,0
000000578489,7,0
000000578500,0,0
000000578545,1,0
000000578792,1,1
000000578871,2,2
000000578922,0,0
000000578967,0,0
000000579070,9,0
000000579091,0,0
000000579158,0,4
000000579307,2,0
000000579321,1,0
000000579635,1,0
000000579655,1,0
000000579818,2,0
000000579893,0,0
000000579900,0,0
000000579902,1,6
000000579970,0,0
000000580197,3,0
000000580294,1,0
000000580410,0,0
000000580418,1,3
000000580757,0,0
000000581062,1,0
000000581100,0,0
000000581206,1,0
000000581317,1,0
000000581357,10,0
000000581482,0,0
000000581615,0,0
000000581781,0,0
